Order_ID,Distance_km,Weather,Traffic_Level,Time_of_Day,Vehicle_Type,Preparation_Time_min,Courier_Experience_yrs,Delivery_Time_min,Weather_was_missing,Traffic_Level_was_missing,Time_of_Day_was_missing,Courier_Experience_yrs_was_missing,Delivery_Time_Outlier_Flag,Distance_km_scaled,Preparation_Time_min_scaled,Courier_Experience_yrs_scaled
522,7.93,Windy,Low,Afternoon,Scooter,12,1.0,43,0,0,0,0,0,-0.3740854216361718,-0.691853190969429,-1.2516715846208573
738,16.42,Clear,Medium,Evening,Bike,20,2.0,84,0,0,0,0,0,1.1170084574753176,0.4191113870625728,-0.903210675762044
741,9.52,Foggy,Low,Night,Scooter,28,1.0,59,0,0,0,0,0,-0.09483462448808377,1.5300759650945746,-1.2516715846208573
661,7.44,Rainy,Medium,Afternoon,Scooter,5,1.0,37,0,0,0,0,0,-0.46014384339879005,-1.6639471967474306,-1.2516715846208573
412,19.03,Clear,Low,Morning,Bike,16,5.0,68,0,0,0,0,0,1.5754012754353868,-0.13637090195342813,0.14217205081439596
679,19.4,Clear,Low,Evening,Scooter,8,9.0,57,0,0,0,0,0,1.6403841653377715,-1.24733547998543,1.5360156862496492
627,9.52,Clear,Low,Morning,Bike,12,1.0,49,0,0,1,0,0,-0.09483462448808377,-0.691853190969429,-1.2516715846208573
514,17.39,Clear,Medium,Evening,Scooter,5,6.0,46,0,0,0,0,0,1.287369006678868,-1.6639471967474306,0.4906329596732093
860,1.78,Snowy,Low,Evening,Car,20,6.0,35,0,0,0,0,0,-1.4542064294731163,0.4191113870625728,0.4906329596732093
137,10.62,Foggy,Low,Evening,Scooter,29,1.0,73,0,0,0,0,0,0.09835775089738591,1.6689465373485748,-1.2516715846208573
812,16.86,Snowy,Medium,Afternoon,Car,13,4.0,88,0,0,0,0,0,1.1942854076295053,-0.5529826187154289,-0.20628885804441735
77,15.54,Clear,Low,Night,Bike,29,1.0,76,0,0,0,0,0,0.9624545571669415,1.6689465373485748,-1.2516715846208573
637,10.89,Clear,High,Night,Bike,12,5.0,53,0,0,0,0,0,0.14577769758291054,-0.691853190969429,0.14217205081439596
974,4.69,Rainy,Medium,Evening,Scooter,12,7.0,36,0,0,0,0,0,-0.9431247818624644,-0.691853190969429,0.8390938685320226
939,2.8,Clear,High,Morning,Scooter,10,5.0,33,0,0,0,1,0,-1.2750644086611354,-0.9695943354774295,0.14217205081439596
900,2.17,Snowy,Low,Evening,Car,15,3.0,35,0,0,0,0,0,-1.3857109509273589,-0.27524147420742834,-0.5547497669032306
281,17.86,Rainy,Low,Afternoon,Bike,5,1.0,50,0,0,0,0,0,1.369914839798114,-1.6639471967474306,-1.2516715846208573
884,2.53,Snowy,Low,Morning,Bike,6,8.0,24,0,0,0,0,0,-1.3224843553466596,-1.5250766244934304,1.187554777390836
762,6.58,Foggy,Low,Evening,Car,6,7.0,27,0,0,0,0,0,-0.6111851550637938,-1.5250766244934304,0.8390938685320226
320,5.38,Clear,Medium,Evening,Scooter,26,1.0,47,0,0,0,0,0,-0.8219404736661244,1.252334820586574,-1.2516715846208573
550,15.56,Rainy,Low,Afternoon,Scooter,28,0.0,72,0,0,0,0,0,0.9659671458103138,1.5300759650945746,-1.6001324934796706
175,13.08,Rainy,Low,Morning,Car,16,4.0,58,0,0,0,0,0,0.5304061540321638,-0.13637090195342813,-0.20628885804441735
372,0.86,Clear,High,Afternoon,Bike,26,5.0,37,0,0,0,0,0,-1.6157855070682365,1.252334820586574,0.14217205081439596
528,5.83,Clear,High,Evening,Car,27,9.0,56,0,0,0,0,0,-0.7429072291902503,1.3912053928405743,1.5360156862496492
211,11.2,Clear,Medium,Morning,Bike,23,5.0,73,0,0,0,1,0,0.20022282155517906,0.8357231038245735,0.14217205081439596
236,14.59,Clear,Medium,Morning,Bike,15,6.0,64,0,0,0,0,0,0.7956065966067631,-0.27524147420742834,0.4906329596732093
102,12.91,Windy,Medium,Evening,Bike,11,6.0,56,0,0,0,0,0,0.5005491505635004,-0.8307237632234292,0.4906329596732093
987,13.92,Snowy,Low,Morning,Scooter,18,4.0,70,0,0,0,0,0,0.6779348770537953,0.14137024255457234,-0.20628885804441735
903,4.04,Snowy,Low,Night,Bike,11,9.0,70,0,0,0,0,0,-1.0572839127720601,-0.8307237632234292,1.5360156862496492
948,18.05,Clear,Medium,Evening,Scooter,10,7.0,123,0,0,0,0,1,1.40328443191015,-0.9695943354774295,0.8390938685320226
347,12.88,Clear,Medium,Morning,Scooter,8,5.0,52,0,0,0,0,0,0.4952802675984422,-1.24733547998543,0.14217205081439596
140,19.45,Rainy,High,Morning,Scooter,20,6.0,108,0,0,0,0,0,1.6491656369462022,0.4191113870625728,0.4906329596732093
622,4.58,Clear,High,Morning,Scooter,22,9.0,45,0,0,0,0,0,-0.9624440194010114,0.6968525315705733,1.5360156862496492
500,19.73,Foggy,Medium,Evening,Bike,27,4.0,111,0,0,0,0,0,1.6983418779534127,1.3912053928405743,-0.20628885804441735
371,2.47,Windy,Medium,Morning,Bike,27,2.0,44,0,0,0,0,0,-1.333022121276776,1.3912053928405743,-0.903210675762044
199,17.8,Snowy,Medium,Morning,Bike,16,9.0,73,0,0,0,0,0,1.3593770738679978,-0.13637090195342813,1.5360156862496492
688,5.96,Clear,Medium,Afternoon,Bike,22,7.0,45,0,0,0,0,0,-0.7200754030083313,0.6968525315705733,0.8390938685320226
585,12.85,Windy,Medium,Afternoon,Scooter,18,7.0,61,0,0,0,0,0,0.49001138463338373,0.14137024255457234,0.8390938685320226
902,1.02,Clear,Medium,Afternoon,Bike,25,4.0,34,0,0,0,0,0,-1.5876847979212592,1.1134642483325738,-0.20628885804441735
60,6.84,Rainy,Medium,Night,Car,14,8.0,47,0,0,0,0,0,-0.5655215026999555,-0.4141120464614286,1.187554777390836
329,8.68,Rainy,Medium,Morning,Bike,8,5.0,52,0,0,0,0,0,-0.2423633475097152,-1.24733547998543,0.14217205081439596
97,10.69,Clear,Medium,Night,Bike,25,9.0,67,0,0,0,0,0,0.11065181114918858,1.1134642483325738,1.5360156862496492
313,0.99,Clear,Medium,Evening,Bike,15,5.0,32,1,0,0,1,0,-1.5929536808863172,-0.27524147420742834,0.14217205081439596
975,1.11,Clear,Low,Morning,Bike,5,6.0,8,0,0,0,0,0,-1.5718781490260842,-1.6639471967474306,0.4906329596732093
300,2.16,Snowy,Low,Evening,Scooter,15,0.0,36,0,0,0,0,0,-1.3874672452490449,-0.27524147420742834,-1.6001324934796706
278,13.17,Windy,Medium,Afternoon,Bike,16,4.0,67,0,0,0,0,0,0.5462128029273386,-0.13637090195342813,-0.20628885804441735
925,8.79,Snowy,Low,Night,Bike,14,6.0,43,0,0,0,0,0,-0.2230441099711683,-0.4141120464614286,0.4906329596732093
602,5.93,Clear,Low,Afternoon,Scooter,19,3.0,36,0,0,0,0,0,-0.7253442859733895,0.28024081480857255,-0.5547497669032306
440,2.09,Rainy,Low,Night,Bike,23,2.0,36,0,0,0,0,0,-1.3997613055008475,0.8357231038245735,-0.903210675762044
838,7.57,Clear,Low,Morning,Bike,21,0.0,56,0,0,0,0,0,-0.4373120172168709,0.557981959316573,-1.6001324934796706
571,10.52,Rainy,Medium,Afternoon,Scooter,8,4.0,56,0,0,0,0,0,0.08079480768052508,-1.24733547998543,-0.20628885804441735
880,4.83,Rainy,Low,Morning,Car,25,9.0,47,0,0,0,0,0,-0.9185366613588593,1.1134642483325738,1.5360156862496492
262,19.81,Snowy,Medium,Afternoon,Car,20,5.0,104,0,0,0,0,0,1.7123922325269012,0.4191113870625728,0.14217205081439596
579,10.1,Rainy,Low,Evening,Car,8,4.0,50,0,0,0,0,0,0.007030446169709375,-1.24733547998543,-0.20628885804441735
24,7.64,Windy,Low,Afternoon,Car,10,8.0,31,0,0,0,0,0,-0.4250179569650684,-0.9695943354774295,1.187554777390836
31,12.35,Clear,Low,Morning,Scooter,10,6.0,35,0,0,0,0,0,0.4021966685490793,-0.9695943354774295,0.4906329596732093
618,5.9,Rainy,Low,Evening,Car,26,9.0,44,0,0,0,0,0,-0.7306131689384477,1.252334820586574,1.5360156862496492
11,0.9,Clear,Low,Afternoon,Bike,20,8.0,23,0,0,0,0,0,-1.608760329781492,0.4191113870625728,1.187554777390836
222,11.58,Clear,Medium,Morning,Scooter,16,2.0,61,0,0,0,0,0,0.26696200577925056,-0.13637090195342813,-0.903210675762044
821,16.16,Clear,High,Afternoon,Bike,11,1.0,82,0,0,0,0,0,1.0713448051114791,-0.8307237632234292,-1.2516715846208573
297,15.51,Clear,Low,Evening,Bike,17,9.0,69,0,0,0,0,0,0.9571856742018833,0.0024996703005720987,1.5360156862496492
55,12.16,Windy,High,Evening,Scooter,11,0.0,69,0,0,0,0,0,0.3688270764370437,-0.8307237632234292,-1.6001324934796706
543,4.96,Rainy,High,Morning,Bike,21,0.0,60,0,0,0,0,0,-0.8957048351769401,0.557981959316573,-1.6001324934796706
210,3.64,Windy,High,Evening,Bike,17,6.0,40,0,0,0,0,0,-1.1275356856395038,0.0024996703005720987,0.4906329596732093
605,2.85,Clear,Low,Morning,Scooter,26,0.0,38,0,0,0,0,0,-1.266282937052705,1.252334820586574,-1.6001324934796706
693,10.4,Clear,Low,Evening,Bike,16,4.0,52,0,0,0,0,0,0.059719275820292156,-0.13637090195342813,-0.20628885804441735
663,12.31,Windy,Low,Morning,Bike,29,4.0,68,0,0,0,0,0,0.3951714912623351,1.6689465373485748,-0.20628885804441735
867,3.53,Clear,Medium,Afternoon,Bike,13,7.0,31,0,0,0,0,0,-1.146854923178051,-0.5529826187154289,0.8390938685320226
71,15.56,Clear,Medium,Evening,Bike,14,3.0,54,0,0,0,0,0,0.9659671458103138,-0.4141120464614286,-0.5547497669032306
544,13.6,Clear,Medium,Afternoon,Bike,27,0.0,87,0,0,0,0,0,0.6217334587598404,1.3912053928405743,-1.6001324934796706
108,15.23,Snowy,High,Morning,Bike,5,0.0,62,0,0,0,0,0,0.908009433194673,-1.6639471967474306,-1.6001324934796706
494,4.17,Clear,Low,Evening,Scooter,5,1.0,22,1,0,0,0,0,-1.0344520865901412,-1.6639471967474306,-1.2516715846208573
591,3.21,Rainy,High,Night,Scooter,16,0.0,42,0,0,0,0,0,-1.2030563414720057,-0.13637090195342813,-1.6001324934796706
742,6.38,Snowy,Low,Evening,Bike,16,1.0,111,0,0,0,0,0,-0.6463110414975155,-0.13637090195342813,-1.2516715846208573
293,16.54,Rainy,Low,Afternoon,Scooter,6,7.0,51,0,0,0,0,0,1.1380839893355503,-1.5250766244934304,0.8390938685320226
290,12.02,Clear,Low,Morning,Car,9,7.0,41,0,0,0,0,0,0.3442389559334384,-1.1084649077314297,0.8390938685320226
653,11.94,Clear,Low,Evening,Bike,20,3.0,69,0,0,0,0,0,0.33018860135994965,0.4191113870625728,-0.5547497669032306
40,9.08,Clear,Low,Afternoon,Scooter,14,5.0,49,0,0,0,0,0,-0.1721115746422716,-0.4141120464614286,0.14217205081439596
590,3.46,Snowy,Medium,Morning,Scooter,23,3.0,48,0,0,0,0,0,-1.1591489834298534,0.8357231038245735,-0.5547497669032306
308,6.8,Foggy,Medium,Morning,Scooter,13,7.0,46,0,0,0,0,0,-0.5725466799866998,-0.5529826187154289,0.8390938685320226
680,17.38,Rainy,Medium,Afternoon,Scooter,11,2.0,92,0,0,0,0,0,1.2856127123571817,-0.8307237632234292,-0.903210675762044
67,3.25,Clear,Low,Morning,Bike,23,7.0,32,0,0,0,0,0,-1.1960311641852612,0.8357231038245735,0.8390938685320226
276,10.28,Clear,Medium,Evening,Scooter,29,3.0,71,0,0,0,0,0,0.03864374396005892,1.6689465373485748,-0.5547497669032306
68,16.14,Clear,Low,Night,Car,6,9.0,65,0,0,0,0,0,1.067832216468107,-1.5250766244934304,1.5360156862496492
319,3.55,Clear,Medium,Evening,Bike,23,0.0,43,0,0,0,0,0,-1.1433423345346787,0.8357231038245735,-1.6001324934796706
549,10.65,Clear,Medium,Afternoon,Scooter,23,8.0,58,0,1,0,0,0,0.10362663386244438,0.8357231038245735,1.187554777390836
999,19.03,Clear,Low,Afternoon,Car,26,5.0,68,0,0,0,0,0,1.5754012754353868,1.252334820586574,0.14217205081439596
715,7.3,Clear,Low,Night,Scooter,14,7.0,28,0,0,0,0,0,-0.48473196390239537,-0.4141120464614286,0.8390938685320226
754,7.03,Clear,Low,Evening,Scooter,21,1.0,44,0,0,0,0,0,-0.5321519105879197,0.557981959316573,-1.2516715846208573
328,12.43,Snowy,Low,Afternoon,Car,12,0.0,70,0,0,0,0,0,0.416247023122568,-0.691853190969429,-1.6001324934796706
383,12.76,Windy,High,Morning,Scooter,27,5.0,74,0,0,0,1,0,0.474204735738209,1.3912053928405743,0.14217205081439596
452,11.39,Rainy,High,Evening,Scooter,14,1.0,72,0,0,0,0,0,0.23359241366721498,-0.4141120464614286,-1.2516715846208573
523,19.41,Clear,Low,Morning,Car,7,3.0,48,0,0,0,0,0,1.642140459659458,-1.3862060522394302,-0.5547497669032306
219,13.17,Rainy,High,Evening,Scooter,17,8.0,69,0,0,0,0,0,0.5462128029273386,0.0024996703005720987,1.187554777390836
788,8.32,Rainy,Low,Afternoon,Car,12,2.0,49,0,0,0,0,0,-0.30558994309041426,-0.691853190969429,-0.903210675762044
437,1.92,Clear,Low,Morning,Bike,8,7.0,14,0,0,1,0,0,-1.4296183089695111,-1.24733547998543,0.8390938685320226
765,1.15,Clear,Low,Afternoon,Scooter,26,4.0,30,0,0,0,0,0,-1.5648529717393398,1.252334820586574,-0.20628885804441735
89,17.8,Windy,High,Afternoon,Car,12,9.0,73,0,0,0,0,0,1.3593770738679978,-0.691853190969429,1.5360156862496492
64,7.46,Clear,Medium,Evening,Bike,8,5.0,42,0,0,0,0,0,-0.45663125475541794,-1.24733547998543,0.14217205081439596
827,7.25,Clear,Medium,Afternoon,Scooter,18,4.0,45,0,0,0,0,0,-0.4935134355108258,0.14137024255457234,-0.20628885804441735
717,16.7,Clear,Medium,Afternoon,Scooter,28,1.0,76,0,0,0,0,0,1.1661846984825277,1.5300759650945746,-1.2516715846208573
352,17.2,Rainy,High,Afternoon,Scooter,14,2.0,94,0,0,0,0,0,1.2539994145668323,-0.4141120464614286,-0.903210675762044
937,0.86,Clear,Medium,Afternoon,Car,21,7.0,28,0,0,0,0,0,-1.6157855070682365,0.557981959316573,0.8390938685320226
257,18.76,Clear,Medium,Evening,Car,15,2.0,80,0,0,0,0,0,1.5279813287498625,-0.27524147420742834,-0.903210675762044
636,9.22,Clear,Medium,Afternoon,Car,18,9.0,57,0,0,0,0,0,-0.14752345413866624,0.14137024255457234,1.5360156862496492
645,2.84,Clear,Low,Evening,Scooter,24,2.0,35,0,0,0,0,0,-1.268039231374391,0.9745936760785737,-0.903210675762044
555,17.59,Clear,Low,Morning,Bike,24,6.0,69,0,0,0,0,0,1.3224948931125897,0.9745936760785737,0.4906329596732093
960,14.89,Snowy,High,Morning,Scooter,17,6.0,87,0,0,0,0,0,0.848295426257346,0.0024996703005720987,0.4906329596732093
169,1.3,Clear,Medium,Evening,Bike,22,4.0,31,0,0,0,0,0,-1.5385085569140484,0.6968525315705733,-0.20628885804441735
918,18.99,Rainy,High,Afternoon,Bike,10,6.0,70,0,0,0,0,0,1.5683760981486419,-0.9695943354774295,0.4906329596732093
529,1.6,Foggy,Low,Night,Scooter,24,5.0,37,0,0,0,1,0,-1.485819727263466,0.9745936760785737,0.14217205081439596
824,8.26,Snowy,Low,Afternoon,Bike,15,1.0,57,0,0,0,0,0,-0.3161277090205309,-0.27524147420742834,-1.2516715846208573
986,10.16,Clear,High,Night,Bike,12,5.0,52,0,0,0,0,0,0.017568212099825994,-0.691853190969429,0.14217205081439596
817,12.03,Clear,Medium,Morning,Car,20,5.0,65,0,0,1,0,0,0.3459952502551244,0.4191113870625728,0.14217205081439596
87,14.73,Rainy,Low,Afternoon,Bike,24,6.0,74,0,0,0,0,0,0.8201947171103685,0.9745936760785737,0.4906329596732093
433,12.56,Clear,High,Evening,Bike,17,5.0,69,0,0,0,0,0,0.4390788493044873,0.0024996703005720987,0.14217205081439596
185,5.53,Clear,Medium,Afternoon,Bike,19,1.0,44,0,0,0,0,0,-0.795596058840833,0.28024081480857255,-1.2516715846208573
979,10.18,Foggy,Medium,Morning,Bike,25,3.0,73,0,0,0,0,0,0.021080800743198097,1.1134642483325738,-0.5547497669032306
535,15.5,Clear,Medium,Morning,Scooter,28,9.0,91,0,0,0,0,0,0.9554293798801973,1.5300759650945746,1.5360156862496492
295,2.98,Foggy,Medium,Night,Bike,11,2.0,27,0,1,0,0,0,-1.2434511108707855,-0.8307237632234292,-0.903210675762044
893,16.69,Foggy,Medium,Evening,Scooter,8,2.0,65,0,0,0,0,0,1.1644284041608421,-1.24733547998543,-0.903210675762044
426,11.22,Windy,High,Evening,Bike,25,5.0,79,0,0,0,0,0,0.20373541019855146,1.1134642483325738,0.14217205081439596
714,8.53,Clear,Low,Evening,Scooter,8,2.0,41,0,0,0,0,0,-0.2687077623350066,-1.24733547998543,-0.903210675762044
261,12.49,Clear,Medium,Morning,Bike,25,4.0,77,0,0,0,0,0,0.42678478905268463,1.1134642483325738,-0.20628885804441735
238,0.97,Clear,Low,Night,Scooter,24,8.0,26,0,0,0,0,0,-1.5964662695296894,0.9745936760785737,1.187554777390836
560,12.6,Windy,Medium,Afternoon,Car,8,6.0,58,0,0,0,0,0,0.4461040265912315,-1.24733547998543,0.4906329596732093
584,6.91,Clear,Medium,Evening,Scooter,28,9.0,56,0,0,0,0,0,-0.5532274424481528,1.5300759650945746,1.5360156862496492
446,18.97,Clear,Low,Evening,Car,25,4.0,141,0,0,0,0,1,1.5648635095052699,1.1134642483325738,-0.20628885804441735
868,4.05,Clear,Medium,Evening,Bike,20,5.0,44,0,0,0,1,0,-1.0555276184503741,0.4191113870625728,0.14217205081439596
801,14.29,Windy,Medium,Morning,Bike,14,7.0,78,0,0,0,0,0,0.7429177669561804,-0.4141120464614286,0.8390938685320226
600,1.3,Foggy,Low,Evening,Bike,19,5.0,29,0,0,0,0,0,-1.5385085569140484,0.28024081480857255,0.14217205081439596
850,12.11,Rainy,Low,Morning,Bike,9,5.0,59,0,0,0,0,0,0.36004560482861314,-1.1084649077314297,0.14217205081439596
266,14.94,Clear,Medium,Morning,Bike,11,0.0,62,0,0,0,0,0,0.8570768978657762,-0.8307237632234292,-1.6001324934796706
996,2.29,Rainy,High,Afternoon,Car,8,8.0,80,0,0,0,0,0,-1.3646354190671257,-1.24733547998543,1.187554777390836
530,17.36,Rainy,High,Afternoon,Bike,24,1.0,105,0,0,0,0,0,1.2821001237138097,0.9745936760785737,-1.2516715846208573
56,18.48,Clear,Medium,Night,Bike,8,0.0,82,0,0,0,0,0,1.4788050877426517,-1.24733547998543,-1.6001324934796706
121,16.25,Foggy,High,Morning,Bike,10,5.0,91,0,0,0,0,0,1.0871514540066538,-0.9695943354774295,0.14217205081439596
216,5.13,Clear,Low,Morning,Car,15,4.0,30,0,0,0,0,0,-0.8658478317082766,-0.27524147420742834,-0.20628885804441735
26,15.81,Clear,Low,Morning,Car,25,1.0,92,0,0,1,0,0,1.0098745038524661,1.1134642483325738,-1.2516715846208573
73,0.61,Clear,Low,Afternoon,Scooter,10,0.0,16,0,0,0,0,0,-1.6596928651103888,-0.9695943354774295,-1.6001324934796706
45,5.55,Foggy,High,Evening,Bike,18,1.0,116,0,0,0,0,0,-0.792083470197461,0.14137024255457234,-1.2516715846208573
248,19.35,Clear,High,Morning,Bike,12,7.0,75,0,0,1,0,0,1.6316026937293415,-0.691853190969429,0.8390938685320226
722,4.03,Clear,Medium,Evening,Bike,9,5.0,25,0,0,0,0,0,-1.0590402070937464,-1.1084649077314297,0.14217205081439596
282,7.09,Snowy,Low,Morning,Scooter,13,8.0,37,0,0,0,0,0,-0.5216141446578032,-0.5529826187154289,1.187554777390836
894,8.25,Clear,Medium,Afternoon,Bike,7,9.0,28,0,0,0,0,0,-0.31788400334221695,-1.3862060522394302,1.5360156862496492
915,11.26,Clear,Low,Night,Bike,5,6.0,49,0,0,0,0,0,0.21076058748529566,-1.6639471967474306,0.4906329596732093
811,19.7,Rainy,Low,Evening,Bike,10,2.0,60,0,0,0,0,0,1.6930729949883543,-0.9695943354774295,-0.903210675762044
245,0.8,Snowy,High,Evening,Bike,14,9.0,36,0,0,0,0,0,-1.6263232729983528,-0.4141120464614286,1.5360156862496492
823,7.0,Rainy,Medium,Evening,Bike,17,9.0,49,0,0,0,0,0,-0.537420793552978,0.0024996703005720987,1.5360156862496492
322,14.43,Clear,Medium,Morning,Car,14,4.0,113,0,0,0,0,0,0.7675058874597858,-0.4141120464614286,-0.20628885804441735
644,6.89,Rainy,Medium,Afternoon,Bike,11,6.0,43,0,0,0,0,0,-0.556740031091525,-0.8307237632234292,0.4906329596732093
159,5.13,Foggy,Medium,Evening,Car,25,1.0,60,0,0,0,0,0,-0.8658478317082766,1.1134642483325738,-1.2516715846208573
978,1.5,Clear,Low,Afternoon,Bike,10,1.0,17,0,0,0,0,0,-1.5033826704803268,-0.9695943354774295,-1.2516715846208573
430,2.78,Clear,High,Afternoon,Scooter,9,0.0,41,1,0,0,0,0,-1.2785769973045076,-1.1084649077314297,-1.6001324934796706
942,11.31,Clear,Medium,Evening,Bike,7,0.0,54,0,0,0,0,0,0.21954205909372623,-1.3862060522394302,-1.6001324934796706
463,15.05,Clear,Medium,Evening,Car,12,2.0,66,0,0,0,0,0,0.8763961354043234,-0.691853190969429,-0.903210675762044
310,5.78,Foggy,Low,Afternoon,Scooter,9,9.0,33,0,0,0,0,0,-0.7516887007986808,-1.1084649077314297,1.5360156862496492
698,11.83,Clear,Low,Evening,Scooter,9,7.0,32,0,0,0,0,0,0.3108693638214028,-1.1084649077314297,0.8390938685320226
61,8.08,Foggy,Low,Morning,Bike,25,2.0,61,0,0,0,0,0,-0.34774100681088044,1.1134642483325738,-0.903210675762044
885,16.1,Clear,Low,Evening,Bike,25,0.0,64,0,0,0,0,0,1.0608070391813629,1.1134642483325738,-1.6001324934796706
596,9.74,Rainy,Medium,Evening,Scooter,7,8.0,37,0,0,0,0,0,-0.056196149410989715,-1.3862060522394302,1.187554777390836
768,17.6,Clear,Low,Afternoon,Bike,27,3.0,69,0,0,0,0,0,1.3242511874342762,1.3912053928405743,-0.5547497669032306
650,10.22,Snowy,Medium,Night,Bike,18,1.0,68,0,0,0,0,0,0.028105978029942615,0.14137024255457234,-1.2516715846208573
651,2.19,Clear,Low,Evening,Bike,26,3.0,32,0,0,0,0,0,-1.3821983622839866,1.252334820586574,-0.5547497669032306
866,11.41,Windy,Medium,Afternoon,Scooter,17,4.0,68,0,0,0,0,0,0.23710500231058707,0.0024996703005720987,-0.20628885804441735
669,4.14,Clear,Medium,Morning,Scooter,14,2.0,30,0,0,0,0,0,-1.0397209695551994,-0.4141120464614286,-0.903210675762044
299,12.65,Rainy,Low,Afternoon,Bike,18,8.0,60,0,0,0,0,0,0.45488549819966206,0.14137024255457234,1.187554777390836
690,4.15,Clear,Medium,Morning,Car,17,8.0,46,1,0,0,0,0,-1.0379646752335132,0.0024996703005720987,1.187554777390836
315,16.8,Clear,High,Morning,Car,19,4.0,85,1,0,0,0,0,1.1837476416993888,0.28024081480857255,-0.20628885804441735
311,9.06,Clear,Medium,Evening,Bike,23,4.0,47,0,0,0,0,0,-0.17562416328564368,0.8357231038245735,-0.20628885804441735
362,13.04,Clear,Medium,Morning,Scooter,20,6.0,65,0,0,0,0,0,0.5233809767454193,0.4191113870625728,0.4906329596732093
480,10.7,Clear,Medium,Afternoon,Scooter,8,5.0,44,0,0,0,0,0,0.11240810547087463,-1.24733547998543,0.14217205081439596
111,6.15,Foggy,Low,Evening,Scooter,26,5.0,48,0,0,0,0,0,-0.6867058108962955,1.252334820586574,0.14217205081439596
990,16.47,Snowy,High,Evening,Scooter,20,9.0,75,0,0,0,0,0,1.1257899290837476,0.4191113870625728,1.5360156862496492
487,1.39,Clear,Medium,Afternoon,Bike,15,4.0,24,0,0,0,0,0,-1.5227019080188735,-0.27524147420742834,-0.20628885804441735
364,11.14,Rainy,Medium,Morning,Scooter,7,3.0,47,0,0,0,0,0,0.18968505562506274,-1.3862060522394302,-0.5547497669032306
255,3.81,Rainy,High,Afternoon,Bike,5,6.0,31,0,0,0,0,0,-1.0976786821708402,-1.6639471967474306,0.4906329596732093
260,2.39,Rainy,Medium,Evening,Bike,27,7.0,43,0,0,0,0,0,-1.3470724758502648,1.3912053928405743,0.8390938685320226
803,11.74,Clear,High,Evening,Car,6,3.0,54,0,0,0,0,0,0.295062714926228,-1.5250766244934304,-0.5547497669032306
678,8.26,Clear,Low,Morning,Car,21,4.0,80,0,0,1,0,0,-0.3161277090205309,0.557981959316573,-0.20628885804441735
495,9.54,Rainy,Medium,Evening,Scooter,11,5.0,47,0,0,0,0,0,-0.09132203584471167,-0.8307237632234292,0.14217205081439596
671,3.88,Clear,Medium,Morning,Bike,16,2.0,35,0,0,0,0,0,-1.0853846219190377,-0.13637090195342813,-0.903210675762044
378,0.95,Rainy,Medium,Morning,Car,27,0.0,44,0,0,0,0,0,-1.5999788581730618,1.3912053928405743,-1.6001324934796706
527,8.59,Clear,Low,Night,Scooter,17,8.0,36,0,0,0,0,0,-0.25816999640488997,0.0024996703005720987,1.187554777390836
846,8.59,Clear,Low,Evening,Bike,22,2.0,43,0,0,0,0,0,-0.25816999640488997,0.6968525315705733,-0.903210675762044
138,14.21,Clear,Medium,Evening,Bike,24,5.0,58,0,0,0,1,0,0.728867412382692,0.9745936760785737,0.14217205081439596
356,13.03,Foggy,Low,Morning,Scooter,9,1.0,50,0,0,0,0,0,0.5216246824237333,-1.1084649077314297,-1.2516715846208573
366,8.03,Clear,Low,Evening,Scooter,14,8.0,42,0,0,0,0,0,-0.356522478419311,-0.4141120464614286,1.187554777390836
943,13.2,Snowy,Low,Morning,Car,14,3.0,62,0,0,0,0,0,0.5514816858923968,-0.4141120464614286,-0.5547497669032306
750,12.67,Clear,Medium,Evening,Car,10,3.0,65,0,0,0,0,0,0.4583980868430342,-0.9695943354774295,-0.5547497669032306
949,17.54,Clear,Medium,Morning,Car,16,8.0,54,0,1,0,0,0,1.3137134215041593,-0.13637090195342813,1.187554777390836
830,9.32,Clear,Low,Morning,Scooter,6,5.0,30,0,0,0,0,0,-0.1299605109218054,-1.5250766244934304,0.14217205081439596
657,6.03,Rainy,High,Afternoon,Car,8,6.0,46,0,0,0,0,0,-0.7077813427565286,-1.24733547998543,0.4906329596732093
200,15.71,Clear,Low,Afternoon,Scooter,28,5.0,69,0,0,0,0,0,0.9923115606356053,1.5300759650945746,0.14217205081439596
214,4.87,Snowy,High,Evening,Bike,16,7.0,54,0,0,0,0,0,-0.9115114840721149,-0.13637090195342813,0.8390938685320226
409,18.15,Rainy,High,Morning,Bike,22,7.0,108,0,0,0,0,0,1.4208473751270105,0.6968525315705733,0.8390938685320226
333,0.78,Clear,Medium,Morning,Bike,6,1.0,17,0,0,0,0,0,-1.6298358616417252,-1.5250766244934304,-1.2516715846208573
209,0.6,Clear,Low,Afternoon,Bike,26,3.0,30,0,0,0,0,0,-1.6614491594320748,1.252334820586574,-0.5547497669032306
614,2.09,Clear,Medium,Evening,Bike,5,5.0,16,0,0,0,0,0,-1.3997613055008475,-1.6639471967474306,0.14217205081439596
79,7.49,Clear,Medium,Morning,Scooter,13,9.0,45,0,1,0,0,0,-0.45136237179035965,-0.5529826187154289,1.5360156862496492
30,1.41,Foggy,Medium,Evening,Bike,15,0.0,72,0,0,0,0,0,-1.5191893193755015,-0.27524147420742834,-1.6001324934796706
536,18.92,Clear,High,Morning,Scooter,27,4.0,100,0,0,0,0,0,1.5560820378968399,1.3912053928405743,-0.20628885804441735
696,12.41,Clear,Medium,Morning,Car,10,1.0,51,0,0,0,0,0,0.41273443447919594,-0.9695943354774295,-1.2516715846208573
558,1.06,Clear,Low,Afternoon,Scooter,19,6.0,21,1,0,0,0,0,-1.5806596206345145,0.28024081480857255,0.4906329596732093
837,18.34,Clear,High,Night,Bike,9,4.0,92,0,0,0,0,0,1.4542169672390464,-1.1084649077314297,-0.20628885804441735
597,13.52,Clear,Low,Morning,Scooter,27,1.0,82,0,0,0,0,0,0.6076831041863516,1.3912053928405743,-1.2516715846208573
166,16.79,Foggy,High,Afternoon,Bike,24,6.0,85,0,0,0,0,0,1.1819913473777026,0.9745936760785737,0.4906329596732093
919,15.39,Clear,Medium,Evening,Scooter,24,5.0,89,0,0,0,0,0,0.9361101423416504,0.9745936760785737,0.14217205081439596
496,7.39,Rainy,Medium,Morning,Scooter,25,6.0,60,0,0,0,0,0,-0.4689253150072206,1.1134642483325738,0.4906329596732093
825,10.98,Rainy,Low,Morning,Scooter,10,6.0,55,0,0,0,0,0,0.1615843464780853,-0.9695943354774295,0.4906329596732093
66,11.08,Snowy,Medium,Morning,Bike,9,0.0,57,0,0,0,0,0,0.17914728969494614,-1.1084649077314297,-1.6001324934796706
142,5.41,Clear,Medium,Night,Bike,14,5.0,36,0,0,0,0,0,-0.8166715907010661,-0.4141120464614286,0.14217205081439596
926,0.94,Clear,High,Morning,Bike,9,6.0,21,0,0,0,0,0,-1.6017351524947478,-1.1084649077314297,0.4906329596732093
828,7.27,Windy,Low,Afternoon,Bike,10,5.0,35,0,0,0,0,0,-0.4900008468674537,-0.9695943354774295,0.14217205081439596
656,2.99,Windy,Medium,Morning,Bike,27,5.0,41,0,0,0,0,0,-1.2416948165490995,1.3912053928405743,0.14217205081439596
332,15.28,Snowy,Low,Evening,Bike,16,5.0,72,0,0,0,0,0,0.9167909048031032,-0.13637090195342813,0.14217205081439596
665,2.48,Windy,Medium,Afternoon,Car,14,6.0,27,0,0,0,0,0,-1.3312658269550899,-0.4141120464614286,0.4906329596732093
250,17.13,Rainy,Low,Evening,Car,19,1.0,71,0,0,0,0,0,1.2417053543150296,0.28024081480857255,-1.2516715846208573
908,7.17,Clear,Low,Afternoon,Bike,15,7.0,32,0,0,0,0,0,-0.5075637900843145,-0.27524147420742834,0.8390938685320226
709,5.47,Rainy,Low,Morning,Car,21,6.0,38,0,0,0,0,0,-0.8061338247709496,0.557981959316573,0.4906329596732093
306,19.53,Foggy,Low,Afternoon,Bike,11,6.0,87,0,0,0,0,0,1.6632159915196911,-0.8307237632234292,0.4906329596732093
735,7.5,Clear,High,Morning,Bike,29,1.0,66,0,0,0,0,0,-0.4496060774686736,1.6689465373485748,-1.2516715846208573
976,5.61,Windy,Low,Night,Bike,25,9.0,48,0,0,0,0,0,-0.7815457042673443,1.1134642483325738,1.5360156862496492
50,4.1,Clear,Low,Morning,Bike,21,3.0,37,0,0,0,0,0,-1.0467461468419437,0.557981959316573,-0.5547497669032306
897,6.22,Rainy,Medium,Morning,Bike,15,0.0,49,0,0,0,0,0,-0.674411750644493,-0.27524147420742834,-1.6001324934796706
3,14.77,Clear,High,Morning,Scooter,11,6.0,67,1,0,0,0,0,0.8272198943971127,-0.8307237632234292,0.4906329596732093
545,12.55,Windy,Low,Evening,Bike,13,8.0,51,0,0,0,0,0,0.43732255498280126,-0.5529826187154289,1.187554777390836
351,10.31,Foggy,Medium,Morning,Scooter,19,5.0,62,0,0,0,0,0,0.04391262692511739,0.28024081480857255,0.14217205081439596
905,8.72,Snowy,Medium,Evening,Car,18,7.0,64,0,0,0,0,0,-0.23533817022297068,0.14137024255457234,0.8390938685320226
537,17.07,Clear,Medium,Morning,Bike,20,6.0,73,0,0,0,0,0,1.2311675883849131,0.4191113870625728,0.4906329596732093
345,8.27,Clear,High,Afternoon,Scooter,13,5.0,58,1,0,0,0,0,-0.31437141469884483,-0.5529826187154289,0.14217205081439596
995,7.54,Snowy,Low,Afternoon,Bike,20,5.0,55,0,0,0,1,0,-0.44258090018192925,0.4191113870625728,0.14217205081439596
482,14.07,Clear,High,Afternoon,Bike,5,8.0,67,0,0,0,0,0,0.7042792918790867,-1.6639471967474306,1.187554777390836
576,19.02,Clear,Medium,Afternoon,Bike,29,9.0,87,0,0,0,0,0,1.5736449811137003,1.6689465373485748,1.5360156862496492
34,19.0,Clear,High,Morning,Car,28,3.0,96,0,0,0,0,0,1.5701323924703283,1.5300759650945746,-0.5547497669032306
32,3.83,Rainy,Medium,Afternoon,Bike,12,9.0,30,0,0,0,0,0,-1.0941660935274682,-0.691853190969429,1.5360156862496492
232,10.3,Clear,Low,Evening,Scooter,19,8.0,48,0,0,0,0,0,0.04215633260343134,0.28024081480857255,1.187554777390836
964,8.09,Clear,High,Afternoon,Scooter,15,4.0,51,0,0,0,0,0,-0.3459847124891944,-0.27524147420742834,-0.20628885804441735
193,18.06,Clear,Medium,Night,Bike,9,8.0,52,0,0,0,0,0,1.4050407262318356,-1.1084649077314297,1.187554777390836
334,2.76,Windy,Medium,Morning,Scooter,8,5.0,22,0,0,0,0,0,-1.2820895859478796,-1.24733547998543,0.14217205081439596
4,12.17,Snowy,Low,Evening,Bike,20,8.0,68,0,0,0,0,0,0.37058337075872977,0.4191113870625728,1.187554777390836
205,12.33,Clear,Medium,Evening,Bike,22,9.0,75,0,0,0,0,0,0.3986840799057072,0.6968525315705733,1.5360156862496492
515,1.38,Clear,Medium,Evening,Scooter,5,8.0,13,0,0,0,0,0,-1.52445820234056,-1.6639471967474306,1.187554777390836
800,18.49,Clear,Low,Afternoon,Scooter,14,6.0,71,0,0,0,0,0,1.4805613820643375,-0.4141120464614286,0.4906329596732093
307,10.57,Snowy,Low,Afternoon,Bike,28,9.0,59,0,0,0,0,0,0.08957627928895565,1.5300759650945746,1.5360156862496492
110,2.0,Clear,High,Evening,Scooter,10,2.0,30,0,0,0,0,0,-1.4155679543960222,-0.9695943354774295,-0.903210675762044
431,3.29,Clear,Medium,Afternoon,Scooter,17,4.0,32,0,0,0,0,0,-1.1890059868985168,0.0024996703005720987,-0.20628885804441735
78,1.94,Rainy,Medium,Morning,Bike,16,0.0,35,0,0,0,0,0,-1.426105720326139,-0.13637090195342813,-1.6001324934796706
85,6.56,Windy,Medium,Morning,Bike,14,1.0,47,0,0,1,0,0,-0.614697743707166,-0.4141120464614286,-1.2516715846208573
287,9.58,Clear,High,Afternoon,Car,26,8.0,60,0,0,0,0,0,-0.08429685855796716,1.252334820586574,1.187554777390836
83,6.95,Clear,Medium,Morning,Scooter,25,2.0,58,0,0,0,0,0,-0.5462022651614085,1.1134642483325738,-0.903210675762044
992,14.05,Clear,High,Morning,Scooter,19,0.0,72,0,0,0,0,0,0.7007667032357145,0.28024081480857255,-1.6001324934796706
790,18.97,Rainy,High,Night,Bike,20,8.0,108,0,0,0,0,0,1.5648635095052699,0.4191113870625728,1.187554777390836
895,13.53,Rainy,Low,Evening,Bike,28,8.0,78,0,0,0,0,0,0.6094393985080377,1.5300759650945746,1.187554777390836
399,15.14,Rainy,Medium,Morning,Bike,8,6.0,66,0,0,0,0,0,0.8922027842994982,-1.24733547998543,0.4906329596732093
324,5.96,Clear,Low,Afternoon,Bike,26,6.0,48,0,0,0,0,0,-0.7200754030083313,1.252334820586574,0.4906329596732093
520,3.43,Windy,Medium,Morning,Bike,7,6.0,23,0,0,0,0,0,-1.1644178663949116,-1.3862060522394302,0.4906329596732093
917,6.24,Clear,Medium,Evening,Bike,15,3.0,52,1,0,0,0,0,-0.6708991620011208,-0.27524147420742834,-0.5547497669032306
923,17.94,Rainy,High,Evening,Scooter,22,6.0,85,0,0,0,0,0,1.3839651943716031,0.6968525315705733,0.4906329596732093
6,3.54,Rainy,Medium,Evening,Bike,10,5.0,32,0,0,0,0,0,-1.1450986288563647,-0.9695943354774295,0.14217205081439596
732,16.38,Rainy,Medium,Night,Bike,7,5.0,90,0,0,0,1,0,1.109983280188573,-1.3862060522394302,0.14217205081439596
466,7.81,Clear,Low,Evening,Bike,11,4.0,42,0,0,0,0,0,-0.3951609534964049,-0.8307237632234292,-0.20628885804441735
98,8.84,Clear,Medium,Morning,Bike,26,0.0,57,0,1,0,0,0,-0.21426263836273776,1.252334820586574,-1.6001324934796706
267,14.09,Clear,Medium,Afternoon,Scooter,12,3.0,55,0,0,0,0,0,0.7077918805224588,-0.691853190969429,-0.5547497669032306
358,11.92,Clear,Low,Afternoon,Scooter,14,4.0,46,0,0,0,0,0,0.32667601271657754,-0.4141120464614286,-0.20628885804441735
869,17.3,Clear,Low,Evening,Scooter,9,0.0,67,0,0,0,0,0,1.2715623577836934,-1.1084649077314297,-1.6001324934796706
799,14.08,Clear,High,Morning,Bike,28,6.0,66,0,0,0,0,0,0.7060355862007727,1.5300759650945746,0.4906329596732093
381,2.8,Clear,High,Afternoon,Bike,28,1.0,50,0,0,0,0,0,-1.2750644086611354,1.5300759650945746,-1.2516715846208573
632,17.96,Clear,Medium,Morning,Bike,22,2.0,76,0,0,1,0,0,1.3874777830149752,0.6968525315705733,-0.903210675762044
382,14.09,Clear,High,Afternoon,Bike,12,6.0,67,0,0,0,0,0,0.7077918805224588,-0.691853190969429,0.4906329596732093
491,9.39,Clear,Low,Morning,Bike,14,2.0,37,0,0,0,0,0,-0.11766645067000275,-0.4141120464614286,-0.903210675762044
119,17.9,Clear,Low,Morning,Bike,23,5.0,85,0,0,0,1,0,1.3769400170848582,0.8357231038245735,0.14217205081439596
901,4.55,Rainy,Low,Afternoon,Bike,5,6.0,21,0,0,0,0,0,-0.9677129023660698,-1.6639471967474306,0.4906329596732093
251,6.24,Snowy,Low,Afternoon,Bike,20,4.0,51,0,0,0,0,0,-0.6708991620011208,0.4191113870625728,-0.20628885804441735
524,16.92,Clear,Low,Morning,Scooter,29,0.0,70,0,0,0,0,0,1.2048231735596222,1.6689465373485748,-1.6001324934796706
10,14.31,Clear,Medium,Morning,Bike,9,8.0,47,0,0,0,0,0,0.7464303555995528,-1.1084649077314297,1.187554777390836
197,14.66,Windy,Medium,Morning,Bike,20,2.0,77,0,0,1,0,0,0.8079006568585658,0.4191113870625728,-0.903210675762044
604,2.23,Clear,Low,Morning,Bike,7,6.0,14,0,0,0,0,0,-1.3751731849972422,-1.3862060522394302,0.4906329596732093
82,12.65,Clear,Low,Evening,Bike,15,4.0,66,0,0,0,0,0,0.45488549819966206,-0.27524147420742834,-0.20628885804441735
784,7.24,Rainy,Medium,Evening,Bike,28,6.0,65,0,0,0,0,0,-0.4952697298325119,1.5300759650945746,0.4906329596732093
588,3.01,Clear,Medium,Evening,Bike,14,4.0,26,0,0,0,0,0,-1.2381822279057273,-0.4141120464614286,-0.20628885804441735
798,11.52,Clear,Medium,Morning,Scooter,25,2.0,58,1,0,0,0,0,0.25642423984913393,1.1134642483325738,-0.903210675762044
240,3.95,Clear,Low,Afternoon,Bike,13,5.0,25,0,0,0,0,0,-1.073090561667235,-0.5529826187154289,0.14217205081439596
291,1.09,Clear,Medium,Morning,Scooter,6,2.0,17,0,0,0,0,0,-1.5753907376694565,-1.5250766244934304,-0.903210675762044
212,13.99,Clear,High,Evening,Scooter,7,3.0,96,0,0,0,0,0,0.690228937305598,-1.3862060522394302,-0.5547497669032306
718,19.32,Rainy,High,Morning,Car,21,7.0,112,0,0,0,0,0,1.626333810764283,0.557981959316573,0.8390938685320226
360,11.72,Rainy,Low,Evening,Bike,11,9.0,42,0,0,0,0,0,0.2915501262828559,-0.8307237632234292,1.5360156862496492
450,2.13,Rainy,Low,Morning,Scooter,9,2.0,22,0,0,0,0,0,-1.392736128214103,-1.1084649077314297,-0.903210675762044
228,8.17,Clear,Medium,Afternoon,Scooter,20,9.0,44,0,0,0,0,0,-0.3319343579157057,0.4191113870625728,1.5360156862496492
951,12.21,Clear,High,Morning,Bike,9,4.0,57,0,0,0,0,0,0.3776085480454743,-1.1084649077314297,-0.20628885804441735
947,3.17,Clear,Medium,Evening,Scooter,17,6.0,33,0,0,0,0,0,-1.21008151875875,0.0024996703005720987,0.4906329596732093
797,18.68,Snowy,Low,Afternoon,Bike,11,8.0,62,0,0,0,0,0,1.5139309741763733,-0.8307237632234292,1.187554777390836
502,10.95,Clear,Medium,Evening,Scooter,24,4.0,55,0,0,0,0,0,0.15631546351302683,0.9745936760785737,-0.20628885804441735
465,19.26,Windy,Medium,Morning,Scooter,21,6.0,67,0,0,0,0,0,1.6157960448341668,0.557981959316573,0.4906329596732093
363,9.44,Rainy,Medium,Evening,Scooter,28,8.0,63,0,1,0,0,0,-0.10888497906157249,1.5300759650945746,1.187554777390836
469,4.86,Foggy,Medium,Evening,Car,25,4.0,52,0,0,0,0,0,-0.9132677783938009,1.1134642483325738,-0.20628885804441735
936,5.81,Foggy,Low,Afternoon,Bike,25,8.0,51,0,0,0,0,0,-0.7464198178336227,1.1134642483325738,1.187554777390836
429,7.34,Rainy,Low,Evening,Bike,22,8.0,47,0,0,0,0,0,-0.477706786615651,0.6968525315705733,1.187554777390836
8,17.39,Foggy,Medium,Morning,Bike,25,4.0,100,0,0,0,0,0,1.287369006678868,1.1134642483325738,-0.20628885804441735
156,5.22,Snowy,Low,Evening,Bike,11,9.0,40,0,0,0,0,0,-0.8500411828131018,-0.8307237632234292,1.5360156862496492
542,12.32,Clear,Medium,Evening,Scooter,17,4.0,71,0,0,0,0,0,0.39692778558402114,0.0024996703005720987,-0.20628885804441735
441,2.15,Windy,Medium,Afternoon,Car,17,6.0,30,0,0,0,0,0,-1.3892235395707309,0.0024996703005720987,0.4906329596732093
483,9.36,Rainy,High,Morning,Scooter,17,2.0,65,0,0,0,0,0,-0.12293533363506122,0.0024996703005720987,-0.903210675762044
423,2.28,Clear,Medium,Evening,Scooter,27,9.0,39,0,0,0,0,0,-1.366391713388812,1.3912053928405743,1.5360156862496492
779,14.54,Clear,Medium,Evening,Bike,29,2.0,73,0,0,0,0,0,0.7868251249983326,1.6689465373485748,-0.903210675762044
950,12.15,Clear,High,Morning,Car,12,6.0,63,0,0,0,0,0,0.36707078211535765,-0.691853190969429,0.4906329596732093
335,1.4,Windy,Low,Evening,Bike,9,9.0,17,0,0,0,0,0,-1.5209456136971875,-1.1084649077314297,1.5360156862496492
577,3.37,Clear,High,Morning,Bike,9,5.0,28,0,0,0,1,0,-1.174955632325028,-1.1084649077314297,0.14217205081439596
935,3.85,Rainy,Medium,Afternoon,Bike,26,3.0,46,0,0,0,0,0,-1.090653504884096,1.252334820586574,-0.5547497669032306
568,9.03,Clear,Low,Morning,Bike,11,5.0,43,0,0,1,0,0,-0.18089304625070216,-0.8307237632234292,0.14217205081439596
595,17.99,Snowy,Low,Afternoon,Bike,15,3.0,63,0,0,0,0,0,1.3927466659800332,-0.27524147420742834,-0.5547497669032306
531,16.35,Clear,Medium,Morning,Bike,16,0.0,66,0,0,0,0,0,1.104714397223515,-0.13637090195342813,-1.6001324934796706
582,19.61,Clear,High,Evening,Bike,8,6.0,72,0,0,0,0,0,1.6772663460931796,-1.24733547998543,0.4906329596732093
708,16.29,Clear,Low,Morning,Bike,20,1.0,72,0,0,0,0,0,1.094176631293398,0.4191113870625728,-1.2516715846208573
449,7.84,Windy,Low,Afternoon,Bike,6,4.0,28,0,0,0,0,0,-0.3898920705313466,-1.5250766244934304,-0.20628885804441735
454,18.17,Rainy,Low,Afternoon,Car,13,0.0,71,0,0,0,0,0,1.4243599637703832,-0.5529826187154289,-1.6001324934796706
229,17.89,Windy,Low,Morning,Bike,27,1.0,101,0,0,1,0,0,1.3751837227631725,1.3912053928405743,-1.2516715846208573
353,13.34,Clear,Medium,Night,Bike,20,6.0,53,0,0,0,0,0,0.5760698063960021,0.4191113870625728,0.4906329596732093
729,4.43,Foggy,Low,Morning,Scooter,10,1.0,63,0,0,0,0,0,-0.9887884342263028,-0.9695943354774295,-1.2516715846208573
213,13.21,Clear,Medium,Morning,Scooter,12,4.0,63,0,1,0,0,0,0.5532379802140831,-0.691853190969429,-0.20628885804441735
80,2.76,Windy,Medium,Night,Bike,6,2.0,27,0,0,0,0,0,-1.2820895859478796,-1.5250766244934304,-0.903210675762044
149,1.5,Foggy,Medium,Evening,Scooter,15,4.0,32,0,0,0,0,0,-1.5033826704803268,-0.27524147420742834,-0.20628885804441735
303,11.04,Clear,Medium,Afternoon,Scooter,8,2.0,54,0,0,0,0,0,0.1721221124082016,-1.24733547998543,-0.903210675762044
629,1.22,Clear,Medium,Evening,Scooter,6,5.0,14,0,0,0,1,0,-1.552558911487537,-1.5250766244934304,0.14217205081439596
778,14.58,Clear,Low,Afternoon,Bike,13,5.0,57,0,0,0,1,0,0.7938503022850771,-0.5529826187154289,0.14217205081439596
507,18.26,Rainy,High,Night,Scooter,28,7.0,93,0,0,0,0,0,1.440166612665558,1.5300759650945746,0.8390938685320226
343,3.88,Foggy,Low,Evening,Car,27,9.0,42,0,0,0,0,0,-1.0853846219190377,1.3912053928405743,1.5360156862496492
486,18.07,Clear,High,Afternoon,Scooter,5,2.0,67,0,0,0,0,0,1.406797020553522,-1.6639471967474306,-0.903210675762044
712,12.11,Clear,Medium,Evening,Bike,28,0.0,75,0,0,0,0,0,0.36004560482861314,1.5300759650945746,-1.6001324934796706
134,7.08,Clear,Medium,Afternoon,Scooter,5,8.0,27,0,0,0,0,0,-0.5233704389794893,-1.6639471967474306,1.187554777390836
704,3.12,Rainy,Low,Evening,Scooter,14,5.0,28,0,0,0,0,0,-1.2188629903671804,-0.4141120464614286,0.14217205081439596
312,2.03,Foggy,High,Evening,Car,14,4.0,36,0,0,0,0,0,-1.4102990714309642,-0.4141120464614286,-0.20628885804441735
723,1.8,Clear,Medium,Night,Bike,14,1.0,28,0,1,0,0,0,-1.450693840829744,-0.4141120464614286,-1.2516715846208573
630,5.42,Clear,Low,Evening,Scooter,11,9.0,26,0,0,0,0,0,-0.81491529637938,-0.8307237632234292,1.5360156862496492
1,7.8,Clear,Low,Evening,Scooter,23,5.0,52,0,0,0,0,0,-0.39691724781809096,0.8357231038245735,0.14217205081439596
317,8.47,Rainy,Low,Afternoon,Scooter,19,0.0,48,0,0,0,0,0,-0.2792455282651229,0.28024081480857255,-1.6001324934796706
707,6.79,Rainy,Low,Evening,Scooter,16,1.0,39,0,0,0,0,0,-0.5743029743083858,-0.13637090195342813,-1.2516715846208573
548,13.6,Rainy,Medium,Afternoon,Scooter,23,6.0,83,0,0,0,0,0,0.6217334587598404,0.8357231038245735,0.4906329596732093
873,13.06,Rainy,High,Morning,Bike,17,8.0,59,0,0,0,0,0,0.5268935653887917,0.0024996703005720987,1.187554777390836
533,19.93,Snowy,Low,Afternoon,Bike,6,6.0,59,0,0,0,0,0,1.7334677643871346,-1.5250766244934304,0.4906329596732093
478,11.3,Snowy,Medium,Afternoon,Bike,15,8.0,70,0,0,0,0,0,0.2177857647720402,-0.27524147420742834,1.187554777390836
405,6.74,Rainy,Medium,Evening,Car,21,9.0,47,0,0,0,0,0,-0.5830844459168163,0.557981959316573,1.5360156862496492
173,10.49,Rainy,Low,Morning,Bike,28,9.0,66,0,0,0,0,0,0.07552592471546693,1.5300759650945746,1.5360156862496492
126,8.83,Clear,Medium,Evening,Scooter,12,3.0,109,1,0,0,0,0,-0.2160189326844238,-0.691853190969429,-0.5547497669032306
395,7.15,Clear,High,Night,Car,29,7.0,60,0,0,0,0,0,-0.5110763787276866,1.6689465373485748,0.8390938685320226
421,15.94,Clear,Low,Evening,Bike,24,2.0,77,0,0,0,0,0,1.032706330034385,0.9745936760785737,-0.903210675762044
553,11.26,Foggy,High,Afternoon,Bike,14,2.0,70,0,0,0,0,0,0.21076058748529566,-0.4141120464614286,-0.903210675762044
904,11.87,Clear,Medium,Morning,Bike,10,6.0,43,0,0,0,0,0,0.31789454110814697,-0.9695943354774295,0.4906329596732093
91,2.83,Windy,Medium,Afternoon,Scooter,14,6.0,28,0,0,0,0,0,-1.269795525696077,-0.4141120464614286,0.4906329596732093
940,11.74,Clear,Low,Afternoon,Car,20,1.0,52,0,0,0,0,0,0.295062714926228,0.4191113870625728,-1.2516715846208573
182,2.71,Clear,Low,Morning,Scooter,6,1.0,20,0,0,0,0,0,-1.29087105755631,-1.5250766244934304,-1.2516715846208573
275,10.47,Clear,High,Evening,Scooter,14,7.0,55,0,0,0,0,0,0.07201333607209483,-0.4141120464614286,0.8390938685320226
896,4.5,Snowy,High,Evening,Bike,24,0.0,66,0,0,0,0,0,-0.9764943739745001,0.9745936760785737,-1.6001324934796706
70,19.74,Clear,Low,Morning,Car,21,7.0,71,1,0,1,0,0,1.7000981722750985,0.557981959316573,0.8390938685320226
292,1.23,Clear,Low,Evening,Bike,18,6.0,21,0,0,0,0,0,-1.550802617165851,0.14137024255457234,0.4906329596732093
132,4.83,Clear,Low,Evening,Bike,11,1.0,29,0,0,0,0,0,-0.9185366613588593,-0.8307237632234292,-1.2516715846208573
301,1.51,Clear,High,Afternoon,Bike,14,2.0,32,0,0,0,0,0,-1.5016263761586406,-0.4141120464614286,-0.903210675762044
425,1.62,Windy,Low,Evening,Bike,9,8.0,16,0,0,0,0,0,-1.4823071386200934,-1.1084649077314297,1.187554777390836
327,11.31,Clear,High,Evening,Bike,20,0.0,67,0,0,0,0,0,0.21954205909372623,0.4191113870625728,-1.6001324934796706
145,6.05,Clear,Medium,Morning,Car,24,0.0,48,0,0,0,0,0,-0.7042687541131565,0.9745936760785737,-1.6001324934796706
424,10.14,Clear,Medium,Morning,Scooter,20,1.0,59,0,0,0,0,0,0.014055623456453892,0.4191113870625728,-1.2516715846208573
581,9.45,Clear,Low,Afternoon,Car,13,0.0,49,0,0,0,0,0,-0.10712868473988645,-0.5529826187154289,-1.6001324934796706
136,6.8,Clear,High,Evening,Bike,28,5.0,55,0,0,0,0,0,-0.5725466799866998,1.5300759650945746,0.14217205081439596
451,15.65,Clear,Low,Afternoon,Bike,27,0.0,76,0,0,0,0,0,0.9817737947054886,1.3912053928405743,-1.6001324934796706
165,2.26,Clear,Medium,Morning,Scooter,6,3.0,19,0,0,0,0,0,-1.369904302032184,-1.5250766244934304,-0.5547497669032306
29,12.05,Clear,Low,Evening,Scooter,29,4.0,61,0,0,0,0,0,0.34950783889849685,1.6689465373485748,-0.20628885804441735
774,8.25,Windy,Medium,Evening,Car,24,4.0,62,0,0,0,0,0,-0.31788400334221695,0.9745936760785737,-0.20628885804441735
194,12.85,Rainy,Medium,Afternoon,Scooter,23,0.0,80,0,0,0,0,0,0.49001138463338373,0.8357231038245735,-1.6001324934796706
389,15.14,Windy,Medium,Morning,Bike,15,4.0,71,0,0,0,0,0,0.8922027842994982,-0.27524147420742834,-0.20628885804441735
853,4.59,Foggy,Low,Evening,Scooter,19,8.0,36,0,0,0,0,0,-0.9606877250793254,0.28024081480857255,1.187554777390836
170,12.02,Clear,Low,Afternoon,Bike,26,0.0,63,0,0,0,0,0,0.3442389559334384,1.252334820586574,-1.6001324934796706
706,19.8,Clear,High,Evening,Bike,7,3.0,88,0,0,0,0,0,1.7106359382052154,-1.3862060522394302,-0.5547497669032306
141,19.27,Foggy,High,Afternoon,Bike,14,6.0,92,0,0,0,0,0,1.6175523391558526,-0.4141120464614286,0.4906329596732093
174,4.92,Clear,High,Morning,Scooter,12,0.0,41,0,0,0,0,0,-0.9027300124636845,-0.691853190969429,-1.6001324934796706
7,1.63,Rainy,Medium,Night,Bike,24,5.0,38,0,0,0,0,0,-1.4805508442984077,0.9745936760785737,0.14217205081439596
746,18.04,Clear,Medium,Morning,Bike,8,5.0,71,0,0,0,0,0,1.4015281375884636,-1.24733547998543,0.14217205081439596
479,19.4,Snowy,Medium,Afternoon,Scooter,23,9.0,92,0,1,0,0,0,1.6403841653377715,0.8357231038245735,1.5360156862496492
74,16.4,Clear,High,Morning,Scooter,12,2.0,70,0,0,0,0,0,1.113495868831945,-0.691853190969429,-0.903210675762044
911,12.01,Clear,Low,Morning,Car,5,7.0,42,0,0,0,0,0,0.34248266161175234,-1.6639471967474306,0.8390938685320226
814,18.46,Clear,Medium,Morning,Scooter,29,1.0,153,0,1,1,0,1,1.4752924990992797,1.6689465373485748,-1.2516715846208573
239,13.09,Windy,Low,Morning,Scooter,17,1.0,69,0,0,1,0,0,0.5321624483538498,0.0024996703005720987,-1.2516715846208573
146,1.22,Foggy,High,Afternoon,Scooter,14,2.0,38,0,0,0,0,0,-1.552558911487537,-0.4141120464614286,-0.903210675762044
793,10.36,Rainy,Medium,Afternoon,Bike,7,8.0,39,0,0,0,0,0,0.05269409853354764,-1.3862060522394302,1.187554777390836
235,4.31,Rainy,Medium,Afternoon,Bike,9,2.0,35,0,0,0,0,0,-1.0098639660865358,-1.1084649077314297,-0.903210675762044
221,13.32,Windy,Medium,Afternoon,Bike,26,0.0,71,0,0,0,0,0,0.57255721775263,1.252334820586574,-1.6001324934796706
924,16.1,Clear,Low,Morning,Car,16,6.0,61,0,0,0,0,0,1.0608070391813629,-0.13637090195342813,0.4906329596732093
501,14.11,Rainy,High,Morning,Scooter,24,3.0,93,0,0,0,0,0,0.7113044691658309,0.9745936760785737,-0.5547497669032306
133,2.84,Clear,Medium,Night,Scooter,28,1.0,44,0,0,0,0,0,-1.268039231374391,1.5300759650945746,-1.2516715846208573
991,16.09,Snowy,Low,Morning,Car,13,6.0,69,0,0,0,0,0,1.0590507448596764,-0.5529826187154289,0.4906329596732093
775,16.05,Snowy,Medium,Evening,Bike,11,2.0,89,0,0,0,0,0,1.0520255675729322,-0.8307237632234292,-0.903210675762044
186,13.37,Windy,High,Afternoon,Scooter,17,8.0,63,0,0,0,0,0,0.5813386893610603,0.0024996703005720987,1.187554777390836
42,10.16,Snowy,Medium,Night,Bike,10,1.0,67,0,0,0,0,0,0.017568212099825994,-0.9695943354774295,-1.2516715846208573
697,6.13,Clear,Medium,Night,Scooter,22,0.0,48,0,0,0,0,0,-0.6902183995396678,0.6968525315705733,-1.6001324934796706
109,4.96,Rainy,Low,Afternoon,Car,10,7.0,28,0,0,0,0,0,-0.8957048351769401,-0.9695943354774295,0.8390938685320226
589,3.0,Clear,Low,Morning,Scooter,29,1.0,43,0,0,0,0,0,-1.2399385222274135,1.6689465373485748,-1.2516715846208573
57,2.23,Snowy,Medium,Evening,Car,14,0.0,41,0,0,0,0,0,-1.3751731849972422,-0.4141120464614286,-1.6001324934796706
406,17.96,Clear,Medium,Evening,Scooter,26,0.0,74,0,1,0,0,0,1.3874777830149752,1.252334820586574,-1.6001324934796706
443,7.8,Rainy,Medium,Morning,Bike,11,7.0,49,0,0,0,0,0,-0.39691724781809096,-0.8307237632234292,0.8390938685320226
758,10.9,Clear,High,Afternoon,Scooter,6,8.0,47,0,0,0,0,0,0.1475339919045966,-1.5250766244934304,1.187554777390836
998,3.17,Clear,Low,Afternoon,Bike,17,1.0,28,0,0,0,0,0,-1.21008151875875,0.0024996703005720987,-1.2516715846208573
25,9.39,Windy,Medium,Morning,Scooter,21,9.0,50,0,0,0,0,0,-0.11766645067000275,0.557981959316573,1.5360156862496492
468,17.44,Clear,Low,Evening,Bike,25,9.0,89,0,0,0,0,0,1.2961504782872986,1.1134642483325738,1.5360156862496492
540,3.02,Rainy,Medium,Morning,Bike,23,1.0,46,0,0,0,0,0,-1.2364259335840413,0.8357231038245735,-1.2516715846208573
532,19.99,Rainy,High,Evening,Bike,17,1.0,112,0,0,0,0,0,1.7440055303172508,0.0024996703005720987,-1.2516715846208573
619,16.22,Rainy,High,Evening,Bike,22,0.0,102,0,0,0,0,0,1.0818825710415954,0.6968525315705733,-1.6001324934796706
695,2.74,Clear,High,Afternoon,Bike,18,9.0,37,0,0,0,0,0,-1.2856021745912518,0.14137024255457234,1.5360156862496492
927,5.74,Rainy,High,Evening,Bike,13,9.0,46,0,0,0,0,0,-0.7587138780854251,-0.5529826187154289,1.5360156862496492
339,9.75,Clear,Low,Afternoon,Bike,22,7.0,50,0,0,0,0,0,-0.054439855089303664,0.6968525315705733,0.8390938685320226
52,15.62,Rainy,Medium,Afternoon,Scooter,23,7.0,78,0,0,0,0,0,0.9765049117404302,0.8357231038245735,0.8390938685320226
508,16.54,Rainy,Medium,Afternoon,Bike,25,7.0,77,0,0,0,0,0,1.1380839893355503,1.1134642483325738,0.8390938685320226
517,7.84,Rainy,Low,Morning,Scooter,7,8.0,36,0,0,0,0,0,-0.3898920705313466,-1.3862060522394302,1.187554777390836
921,17.44,Clear,Low,Night,Car,23,0.0,85,1,0,0,0,0,1.2961504782872986,0.8357231038245735,-1.6001324934796706
782,11.08,Windy,High,Afternoon,Bike,16,6.0,70,0,0,0,0,0,0.17914728969494614,-0.13637090195342813,0.4906329596732093
265,17.61,Clear,Medium,Evening,Scooter,21,9.0,79,0,0,0,0,0,1.326007481755962,0.557981959316573,1.5360156862496492
818,8.28,Snowy,Low,Evening,Car,29,7.0,58,0,0,0,0,0,-0.3126151203771588,1.6689465373485748,0.8390938685320226
711,15.32,Clear,Medium,Morning,Bike,17,6.0,80,0,0,0,0,0,0.9238160820898478,0.0024996703005720987,0.4906329596732093
683,3.83,Rainy,Low,Evening,Car,27,3.0,49,0,0,0,0,0,-1.0941660935274682,1.3912053928405743,-0.5547497669032306
833,3.25,Rainy,Medium,Evening,Scooter,29,0.0,51,0,1,0,0,0,-1.1960311641852612,1.6689465373485748,-1.6001324934796706
519,19.75,Clear,Medium,Morning,Bike,25,1.0,103,0,0,0,0,0,1.701854466596785,1.1134642483325738,-1.2516715846208573
448,15.19,Foggy,Low,Evening,Scooter,6,4.0,53,0,0,0,0,0,0.9009842559079284,-1.5250766244934304,-0.20628885804441735
19,8.92,Windy,Medium,Morning,Bike,25,4.0,62,0,1,0,0,0,-0.20021228378924902,1.1134642483325738,-0.20628885804441735
716,18.63,Windy,Low,Afternoon,Bike,11,5.0,85,0,0,0,0,0,1.5051495025679429,-0.8307237632234292,0.14217205081439596
484,12.74,Clear,Low,Night,Scooter,18,0.0,67,0,0,0,0,0,0.47069214709483687,0.14137024255457234,-1.6001324934796706
569,18.13,Rainy,High,Evening,Bike,21,2.0,88,0,0,0,0,0,1.4173347864836383,0.557981959316573,-0.903210675762044
434,2.47,Rainy,Low,Afternoon,Car,22,6.0,34,0,0,0,0,0,-1.333022121276776,0.6968525315705733,0.4906329596732093
368,18.15,Windy,Medium,Morning,Bike,11,2.0,89,0,0,0,0,0,1.4208473751270105,-0.8307237632234292,-0.903210675762044
84,1.74,Foggy,High,Afternoon,Scooter,8,9.0,28,0,0,0,0,0,-1.4612316067598605,-1.24733547998543,1.5360156862496492
62,5.79,Windy,Medium,Morning,Bike,26,6.0,49,0,0,0,0,0,-0.7499324064769948,1.252334820586574,0.4906329596732093
639,5.75,Windy,High,Morning,Scooter,7,4.0,37,0,0,0,0,0,-0.7569575837637391,-1.3862060522394302,-0.20628885804441735
273,17.41,Snowy,Medium,Evening,Bike,20,4.0,80,0,0,0,0,0,1.2908815953222401,0.4191113870625728,-0.20628885804441735
286,1.2,Rainy,Low,Morning,Scooter,24,7.0,33,0,0,0,0,0,-1.5560715001309096,0.9745936760785737,0.8390938685320226
361,8.07,Windy,Low,Evening,Bike,21,4.0,48,0,0,0,0,0,-0.3494973011325665,0.557981959316573,-0.20628885804441735
355,1.88,Clear,Medium,Morning,Scooter,24,7.0,35,0,0,0,0,0,-1.4366434862562556,0.9745936760785737,0.8390938685320226
457,0.72,Rainy,Medium,Afternoon,Scooter,9,2.0,23,0,0,0,0,0,-1.6403736275718415,-1.1084649077314297,-0.903210675762044
279,14.19,Clear,Medium,Afternoon,Bike,9,1.0,57,0,0,0,0,0,0.7253548237393196,-1.1084649077314297,-1.2516715846208573
13,16.73,Windy,High,Afternoon,Scooter,9,7.0,71,0,0,0,0,0,1.1714535814475862,-1.1084649077314297,0.8390938685320226
183,18.53,Rainy,Low,Afternoon,Scooter,8,8.0,57,0,0,0,0,0,1.4875865593510824,-1.24733547998543,1.187554777390836
369,4.32,Clear,Low,Morning,Bike,21,9.0,34,0,0,0,0,0,-1.0081076717648496,0.557981959316573,1.5360156862496492
882,13.6,Foggy,High,Evening,Bike,9,7.0,61,0,0,0,0,0,0.6217334587598404,-1.1084649077314297,0.8390938685320226
616,18.46,Rainy,Low,Morning,Bike,19,9.0,94,0,0,0,0,0,1.4752924990992797,0.28024081480857255,1.5360156862496492
224,7.67,Windy,Low,Morning,Car,9,2.0,31,0,0,0,0,0,-0.4197490740000101,-1.1084649077314297,-0.903210675762044
573,8.23,Snowy,Low,Evening,Bike,17,3.0,56,0,0,0,0,0,-0.32139659198558906,0.0024996703005720987,-0.5547497669032306
971,13.44,Clear,Low,Night,Bike,29,0.0,63,0,0,0,0,0,0.5936327496128629,1.6689465373485748,-1.6001324934796706
654,15.04,Clear,Low,Morning,Car,24,5.0,60,0,0,0,0,0,0.874639841082637,0.9745936760785737,0.14217205081439596
546,7.48,Clear,Medium,Morning,Car,21,4.0,52,0,0,0,0,0,-0.4531186661120457,0.557981959316573,-0.20628885804441735
583,10.11,Rainy,Medium,Afternoon,Scooter,23,2.0,63,0,1,0,0,0,0.008786740491395427,0.8357231038245735,-0.903210675762044
634,10.88,Snowy,Low,Afternoon,Car,13,3.0,52,0,0,0,0,0,0.14402140326122448,-0.5529826187154289,-0.5547497669032306
177,13.97,Snowy,Low,Evening,Scooter,14,8.0,52,0,0,0,0,0,0.6867163486622259,-0.4141120464614286,1.187554777390836
666,3.48,Foggy,Low,Afternoon,Scooter,9,1.0,31,0,0,0,0,0,-1.1556363947864812,-1.1084649077314297,-1.2516715846208573
674,10.73,Foggy,Low,Morning,Bike,6,6.0,35,0,0,0,0,0,0.11767698843593309,-1.5250766244934304,0.4906329596732093
586,5.18,Clear,Medium,Afternoon,Car,9,2.0,30,0,0,0,0,0,-0.8570663600998462,-1.1084649077314297,-0.903210675762044
874,8.47,Foggy,Medium,Evening,Bike,24,0.0,68,0,0,0,0,0,-0.2792455282651229,0.9745936760785737,-1.6001324934796706
394,15.64,Rainy,Low,Morning,Bike,20,4.0,141,0,0,1,0,1,0.9800175003838026,0.4191113870625728,-0.20628885804441735
164,10.95,Snowy,Medium,Afternoon,Bike,9,1.0,65,0,1,0,0,0,0.15631546351302683,-1.1084649077314297,-1.2516715846208573
249,19.29,Windy,Medium,Evening,Scooter,7,8.0,84,0,0,0,0,0,1.6210649277992246,-1.3862060522394302,1.187554777390836
635,2.59,Windy,Medium,Morning,Bike,13,5.0,28,0,0,1,0,0,-1.3119465894165432,-0.5529826187154289,0.14217205081439596
886,3.98,Clear,High,Night,Car,19,3.0,41,0,0,0,0,0,-1.0678216787021766,0.28024081480857255,-0.5547497669032306
670,6.06,Foggy,Low,Afternoon,Scooter,10,8.0,41,0,0,0,0,0,-0.7025124597914704,-0.9695943354774295,1.187554777390836
376,6.72,Foggy,Low,Evening,Bike,8,5.0,31,0,0,0,0,0,-0.5865970345601885,-1.24733547998543,0.14217205081439596
413,19.04,Clear,Medium,Morning,Scooter,27,2.0,85,0,0,0,0,0,1.5771575697570726,1.3912053928405743,-0.903210675762044
75,14.28,Windy,High,Afternoon,Scooter,23,5.0,77,0,0,0,0,0,0.7411614726344944,0.8357231038245735,0.14217205081439596
114,16.26,Rainy,High,Morning,Bike,16,6.0,70,0,0,0,0,0,1.0889077483283403,-0.13637090195342813,0.4906329596732093
599,4.25,Clear,Low,Afternoon,Bike,5,4.0,22,0,0,0,0,0,-1.0204017320166523,-1.6639471967474306,-0.20628885804441735
962,12.26,Clear,Low,Afternoon,Bike,20,2.0,66,0,0,0,0,0,0.3863900196539045,0.4191113870625728,-0.903210675762044
391,19.81,Clear,Low,Afternoon,Bike,27,1.0,74,0,0,0,0,0,1.7123922325269012,1.3912053928405743,-1.2516715846208573
105,18.2,Windy,Medium,Morning,Bike,27,1.0,108,0,0,0,0,0,1.429628846735441,1.3912053928405743,-1.2516715846208573
115,12.85,Rainy,Medium,Morning,Scooter,14,8.0,73,0,0,0,0,0,0.49001138463338373,-0.4141120464614286,1.187554777390836
418,6.91,Clear,Low,Evening,Bike,27,8.0,91,0,0,0,0,0,-0.5532274424481528,1.3912053928405743,1.187554777390836
526,9.64,Clear,Low,Morning,Bike,10,5.0,46,0,0,0,0,0,-0.07375909262785053,-0.9695943354774295,0.14217205081439596
458,9.64,Rainy,Medium,Evening,Bike,14,6.0,52,0,0,0,0,0,-0.07375909262785053,-0.4141120464614286,0.4906329596732093
410,2.28,Foggy,Medium,Morning,Scooter,27,6.0,44,0,0,0,0,0,-1.366391713388812,1.3912053928405743,0.4906329596732093
93,15.34,Rainy,Low,Afternoon,Bike,18,6.0,54,0,0,0,0,0,0.9273286707332198,0.14137024255457234,0.4906329596732093
931,3.22,Rainy,Medium,Night,Bike,14,8.0,34,0,0,0,0,0,-1.2013000471503195,-0.4141120464614286,1.187554777390836
90,9.71,Clear,Low,Morning,Bike,8,1.0,49,0,0,0,0,0,-0.06146503237604787,-1.24733547998543,-1.2516715846208573
337,17.18,Clear,Medium,Night,Scooter,13,1.0,62,0,0,0,0,0,1.25048682592346,-0.5529826187154289,-1.2516715846208573
989,5.3,Clear,Medium,Afternoon,Scooter,29,3.0,47,0,0,0,0,0,-0.8359908282396131,1.6689465373485748,-0.5547497669032306
922,10.0,Clear,Medium,Afternoon,Scooter,6,9.0,47,0,0,0,0,0,-0.010532497047151448,-1.5250766244934304,1.5360156862496492
934,10.75,Rainy,Medium,Morning,Bike,8,6.0,60,0,0,0,0,0,0.1211895770793052,-1.24733547998543,0.4906329596732093
606,9.49,Rainy,Medium,Morning,Car,23,6.0,53,0,0,0,0,0,-0.10010350745314193,0.8357231038245735,0.4906329596732093
594,7.24,Clear,Medium,Afternoon,Bike,28,7.0,57,0,0,0,0,0,-0.4952697298325119,1.5300759650945746,0.8390938685320226
612,16.09,Rainy,Low,Morning,Bike,21,8.0,66,0,0,0,0,0,1.0590507448596764,0.557981959316573,1.187554777390836
95,15.53,Clear,Low,Morning,Bike,26,6.0,83,0,0,0,0,0,0.9606982628452554,1.252334820586574,0.4906329596732093
12,19.41,Windy,Low,Morning,Bike,11,8.0,62,0,0,0,0,0,1.642140459659458,-0.8307237632234292,1.187554777390836
397,17.24,Clear,Low,Evening,Bike,17,5.0,69,0,0,0,0,0,1.2610245918535765,0.0024996703005720987,0.14217205081439596
534,11.33,Clear,Low,Morning,Bike,25,3.0,60,1,0,0,0,0,0.22305464773709835,1.1134642483325738,-0.5547497669032306
44,18.23,Rainy,Low,Afternoon,Scooter,27,9.0,86,0,0,0,0,0,1.4348977297004994,1.3912053928405743,1.5360156862496492
43,1.17,Clear,Medium,Morning,Bike,16,9.0,25,0,0,0,0,0,-1.5613403830959676,-0.13637090195342813,1.5360156862496492
330,5.33,Clear,Low,Evening,Car,29,1.0,51,0,0,0,0,0,-0.8307219452745548,1.6689465373485748,-1.2516715846208573
168,4.14,Rainy,Low,Morning,Bike,23,2.0,41,0,0,0,0,0,-1.0397209695551994,0.8357231038245735,-0.903210675762044
498,2.02,Clear,High,Evening,Bike,28,5.0,44,0,0,0,0,0,-1.4120553657526502,1.5300759650945746,0.14217205081439596
877,14.46,Rainy,Medium,Morning,Scooter,11,9.0,68,0,0,0,0,0,0.7727747704248442,-0.8307237632234292,1.5360156862496492
598,3.86,Clear,Medium,Afternoon,Bike,21,8.0,34,0,0,0,0,0,-1.08889721056241,0.557981959316573,1.187554777390836
757,12.59,Windy,Medium,Morning,Bike,13,9.0,62,0,0,0,0,0,0.4443477322695455,-0.5529826187154289,1.5360156862496492
101,1.11,Clear,High,Morning,Scooter,22,8.0,35,0,0,0,0,0,-1.5718781490260842,0.6968525315705733,1.187554777390836
427,9.11,Clear,Low,Afternoon,Bike,19,6.0,42,0,0,0,0,0,-0.16684269167721344,0.28024081480857255,0.4906329596732093
179,18.77,Snowy,Medium,Evening,Bike,24,0.0,115,0,0,0,0,0,1.5297376230715483,0.9745936760785737,-1.6001324934796706
445,16.35,Foggy,Medium,Night,Bike,16,6.0,67,0,0,0,0,0,1.104714397223515,-0.13637090195342813,0.4906329596732093
417,6.22,Clear,Low,Afternoon,Bike,16,9.0,29,0,0,0,0,0,-0.674411750644493,-0.13637090195342813,1.5360156862496492
871,7.78,Foggy,High,Afternoon,Bike,25,3.0,74,0,0,0,0,0,-0.4004298364614631,1.1134642483325738,-0.5547497669032306
883,0.88,Rainy,Low,Night,Car,27,2.0,37,0,0,0,0,0,-1.612272918424864,1.3912053928405743,-0.903210675762044
681,16.43,Clear,Low,Evening,Bike,13,5.0,56,0,0,0,0,0,1.1187647517970034,-0.5529826187154289,0.14217205081439596
178,8.04,Clear,Medium,Evening,Car,27,0.0,65,0,0,0,0,0,-0.35476618409762495,1.3912053928405743,-1.6001324934796706
396,18.65,Foggy,Low,Night,Car,19,2.0,68,0,0,0,0,0,1.508662091211315,0.28024081480857255,-0.903210675762044
912,5.73,Foggy,Low,Morning,Scooter,7,2.0,30,0,0,0,0,0,-0.7604701724071112,-1.3862060522394302,-0.903210675762044
794,12.42,Rainy,Low,Evening,Bike,28,9.0,79,0,0,0,0,0,0.414490728800882,1.5300759650945746,1.5360156862496492
961,2.11,Clear,Low,Afternoon,Scooter,28,5.0,34,0,0,0,0,0,-1.3962487168574755,1.5300759650945746,0.14217205081439596
685,18.62,Clear,Low,Evening,Scooter,27,6.0,75,0,0,0,0,0,1.503393208246257,1.3912053928405743,0.4906329596732093
384,17.61,Clear,Medium,Morning,Scooter,19,3.0,80,0,0,0,0,0,1.326007481755962,0.28024081480857255,-0.5547497669032306
957,10.62,Rainy,Medium,Night,Bike,7,2.0,48,0,0,0,0,0,0.09835775089738591,-1.3862060522394302,-0.903210675762044
752,18.83,Clear,Medium,Night,Bike,8,0.0,68,1,0,0,0,0,1.5402753890016645,-1.24733547998543,-1.6001324934796706
258,14.07,Clear,Medium,Morning,Bike,16,9.0,73,0,0,0,0,0,0.7042792918790867,-0.13637090195342813,1.5360156862496492
539,9.29,Clear,Medium,Evening,Bike,10,9.0,40,0,0,0,0,0,-0.1352293938868639,-0.9695943354774295,1.5360156862496492
336,1.29,Rainy,Low,Evening,Bike,7,7.0,15,0,0,0,0,0,-1.5402648512357346,-1.3862060522394302,0.8390938685320226
16,4.08,Windy,Medium,Afternoon,Bike,7,0.0,33,0,0,0,0,0,-1.050258735485316,-1.3862060522394302,-1.6001324934796706
325,19.12,Windy,High,Evening,Car,8,0.0,92,0,0,0,0,0,1.5912079243305615,-1.24733547998543,-1.6001324934796706
759,17.93,Clear,Medium,Afternoon,Bike,29,4.0,85,0,0,0,0,0,1.3822089000499167,1.6689465373485748,-0.20628885804441735
223,2.33,Clear,Low,Morning,Car,6,1.0,17,1,0,0,0,0,-1.3576102417803815,-1.5250766244934304,-1.2516715846208573
180,3.18,Rainy,Medium,Evening,Bike,21,3.0,42,0,0,0,0,0,-1.208325224437064,0.557981959316573,-0.5547497669032306
984,1.97,Clear,High,Morning,Car,28,7.0,43,0,0,0,0,0,-1.4208368373610805,1.5300759650945746,0.8390938685320226
23,6.2,Windy,High,Evening,Scooter,7,3.0,42,0,0,0,0,0,-0.6779243392878651,-1.3862060522394302,-0.5547497669032306
357,1.02,Windy,High,Evening,Bike,6,8.0,21,0,0,0,0,0,-1.5876847979212592,-1.5250766244934304,1.187554777390836
667,5.3,Clear,Low,Evening,Bike,16,5.0,32,0,0,0,0,0,-0.8359908282396131,-0.13637090195342813,0.14217205081439596
862,9.34,Rainy,Low,Evening,Car,10,0.0,40,0,0,0,0,0,-0.12644792227843332,-0.9695943354774295,-1.6001324934796706
341,10.09,Clear,Medium,Evening,Bike,7,0.0,49,0,0,0,0,0,0.005274151848023324,-1.3862060522394302,-1.6001324934796706
432,15.35,Rainy,High,Night,Scooter,23,9.0,80,0,0,0,0,0,0.9290849650549059,0.8357231038245735,1.5360156862496492
552,17.12,Rainy,Low,Morning,Bike,26,3.0,86,0,0,0,0,0,1.2399490599933438,1.252334820586574,-0.5547497669032306
834,3.94,Snowy,Low,Afternoon,Bike,19,3.0,43,0,0,0,0,0,-1.0748468559889213,0.28024081480857255,-0.5547497669032306
204,18.02,Clear,Medium,Evening,Car,12,3.0,77,0,1,0,0,0,1.3980155489450916,-0.691853190969429,-0.5547497669032306
631,14.41,Snowy,Medium,Evening,Bike,8,8.0,75,0,0,0,0,0,0.7639932988164136,-1.24733547998543,1.187554777390836
94,11.44,Rainy,Medium,Evening,Car,20,2.0,57,0,0,0,0,0,0.2423738852756452,0.4191113870625728,-0.903210675762044
559,15.23,Foggy,Low,Morning,Car,6,0.0,52,0,0,0,0,0,0.908009433194673,-1.5250766244934304,-1.6001324934796706
69,1.95,Clear,Low,Morning,Scooter,16,2.0,23,0,0,0,0,0,-1.424349426004453,-0.13637090195342813,-0.903210675762044
623,7.72,Rainy,Medium,Morning,Bike,11,5.0,36,0,0,0,1,0,-0.4109676023915797,-0.8307237632234292,0.14217205081439596
285,11.78,Clear,Low,Afternoon,Scooter,26,3.0,71,0,0,0,0,0,0.3020878922129722,1.252334820586574,-0.5547497669032306
845,3.4,Windy,Medium,Morning,Bike,11,6.0,30,0,0,0,0,0,-1.1696867493599699,-0.8307237632234292,0.4906329596732093
435,2.14,Clear,High,Evening,Bike,18,3.0,34,0,0,0,0,0,-1.3909798338924169,0.14137024255457234,-0.5547497669032306
154,10.04,Rainy,High,Afternoon,Bike,12,9.0,59,0,0,0,0,0,-0.0035073197604072433,-0.691853190969429,1.5360156862496492
76,14.72,Clear,Medium,Evening,Scooter,15,8.0,80,0,1,0,0,0,0.8184384227886825,-0.27524147420742834,1.187554777390836
731,3.7,Clear,Medium,Morning,Bike,28,7.0,45,0,0,0,0,0,-1.116997919709387,1.5300759650945746,0.8390938685320226
447,19.73,Rainy,Low,Evening,Bike,8,8.0,64,0,0,0,0,0,1.6983418779534127,-1.24733547998543,1.187554777390836
189,10.83,Clear,Medium,Evening,Scooter,8,9.0,51,0,0,0,0,0,0.1352399316527939,-1.24733547998543,1.5360156862496492
272,16.3,Foggy,Low,Morning,Car,12,1.0,100,0,0,0,0,0,1.0959329256150845,-0.691853190969429,-1.2516715846208573
237,5.98,Foggy,High,Morning,Bike,14,6.0,44,0,0,0,0,0,-0.7165628143649589,-0.4141120464614286,0.4906329596732093
488,5.98,Rainy,High,Morning,Bike,21,2.0,60,0,0,0,0,0,-0.7165628143649589,0.557981959316573,-0.903210675762044
118,4.14,Foggy,Medium,Morning,Bike,21,0.0,46,0,0,0,0,0,-1.0397209695551994,0.557981959316573,-1.6001324934796706
944,16.68,Clear,Medium,Afternoon,Bike,9,9.0,63,1,0,0,0,0,1.1626721098391557,-1.1084649077314297,1.5360156862496492
513,18.69,Windy,Medium,Night,Bike,23,9.0,74,0,0,0,0,0,1.5156872684980598,0.8357231038245735,1.5360156862496492
826,18.44,Rainy,High,Morning,Bike,27,7.0,80,0,0,0,0,0,1.4717799104559075,1.3912053928405743,0.8390938685320226
592,13.0,Windy,High,Morning,Bike,22,8.0,65,0,0,0,0,0,0.5163557994586752,0.6968525315705733,1.187554777390836
127,16.45,Clear,Medium,Evening,Scooter,25,3.0,87,1,0,0,0,0,1.1222773404403756,1.1134642483325738,-0.5547497669032306
117,16.17,Clear,Medium,Evening,Car,10,2.0,116,0,0,0,0,0,1.0731010994331656,-0.9695943354774295,-0.903210675762044
474,17.88,Clear,Medium,Evening,Bike,29,3.0,98,0,0,0,0,0,1.3734274284414862,1.6689465373485748,-0.5547497669032306
694,5.23,Clear,Medium,Morning,Scooter,19,4.0,37,0,0,0,0,0,-0.8482848884914156,0.28024081480857255,-0.20628885804441735
58,4.32,Clear,Medium,Morning,Bike,17,4.0,36,1,0,0,0,0,-1.0081076717648496,0.0024996703005720987,-0.20628885804441735
864,9.09,Rainy,Medium,Morning,Bike,6,7.0,43,0,0,0,0,0,-0.17035528032058553,-1.5250766244934304,0.8390938685320226
913,12.67,Windy,Medium,Morning,Scooter,7,3.0,43,0,0,0,0,0,0.4583980868430342,-1.3862060522394302,-0.5547497669032306
370,1.85,Clear,Medium,Evening,Bike,10,1.0,24,0,0,0,0,0,-1.4419123692213136,-0.9695943354774295,-1.2516715846208573
269,7.51,Rainy,Low,Evening,Car,27,6.0,50,0,0,0,0,0,-0.44784978314698753,1.3912053928405743,0.4906329596732093
47,6.58,Clear,Low,Afternoon,Bike,13,1.0,34,0,0,0,0,0,-0.6111851550637938,-0.5529826187154289,-1.2516715846208573
350,12.7,Clear,Low,Morning,Scooter,22,2.0,57,0,0,0,0,0,0.46366696980809236,0.6968525315705733,-0.903210675762044
196,7.31,Foggy,Medium,Afternoon,Bike,26,2.0,65,0,0,0,0,0,-0.48297566958070937,1.252334820586574,-0.903210675762044
1000,9.2,Clear,High,Morning,Scooter,9,9.0,48,0,0,0,0,0,-0.15103604278203867,-1.1084649077314297,1.5360156862496492
835,10.22,Foggy,Low,Afternoon,Scooter,21,0.0,61,0,0,0,0,0,0.028105978029942615,0.557981959316573,-1.6001324934796706
737,8.15,Clear,High,Evening,Scooter,12,9.0,43,0,0,0,0,0,-0.33544694655907775,-0.691853190969429,1.5360156862496492
264,10.61,Clear,Medium,Morning,Bike,17,0.0,59,0,0,0,0,0,0.09660145657569985,0.0024996703005720987,-1.6001324934796706
444,7.73,Clear,High,Night,Bike,29,5.0,58,0,0,0,0,0,-0.4092113080698935,1.6689465373485748,0.14217205081439596
676,19.66,Clear,Low,Morning,Car,19,6.0,70,0,0,0,0,0,1.68604781770161,0.28024081480857255,0.4906329596732093
305,14.66,Snowy,High,Morning,Car,5,6.0,71,0,0,0,0,0,0.8079006568585658,-1.6639471967474306,0.4906329596732093
342,9.73,Clear,Low,Afternoon,Bike,29,6.0,60,0,0,0,0,0,-0.05795244373267577,1.6689465373485748,0.4906329596732093
967,14.52,Clear,Medium,Afternoon,Car,26,5.0,86,0,0,0,0,0,0.7833125363549606,1.252334820586574,0.14217205081439596
150,5.93,Foggy,High,Morning,Scooter,27,1.0,106,0,0,1,0,0,-0.7253442859733895,1.3912053928405743,-1.2516715846208573
125,4.94,Rainy,High,Evening,Scooter,28,4.0,63,0,0,0,0,0,-0.8992174238203122,1.5300759650945746,-0.20628885804441735
787,11.88,Rainy,High,Afternoon,Car,29,9.0,78,0,0,0,0,0,0.31965083542983336,1.6689465373485748,1.5360156862496492
51,19.41,Foggy,Medium,Morning,Car,7,6.0,66,0,0,0,0,0,1.642140459659458,-1.3862060522394302,0.4906329596732093
354,3.68,Clear,High,Afternoon,Car,16,6.0,47,1,0,0,0,0,-1.1205105083527596,-0.13637090195342813,0.4906329596732093
928,11.06,Clear,High,Evening,Bike,6,9.0,53,0,0,0,0,0,0.17563470105157403,-1.5250766244934304,1.5360156862496492
143,10.2,Rainy,Medium,Afternoon,Bike,18,9.0,56,0,0,0,0,0,0.0245933893865702,0.14137024255457234,1.5360156862496492
471,0.74,Rainy,Low,Morning,Car,13,4.0,21,0,0,0,0,0,-1.6368610389284695,-0.5529826187154289,-0.20628885804441735
400,15.21,Snowy,Medium,Afternoon,Bike,20,9.0,90,0,0,0,0,0,0.9044968445513009,0.4191113870625728,1.5360156862496492
626,7.69,Rainy,High,Morning,Scooter,16,3.0,58,0,0,0,0,0,-0.4162364853566378,-0.13637090195342813,-0.5547497669032306
321,11.21,Clear,High,Afternoon,Scooter,23,1.0,76,0,0,0,0,0,0.20197911587686543,0.8357231038245735,-1.2516715846208573
20,6.18,Clear,Medium,Evening,Bike,9,9.0,35,0,0,0,0,0,-0.6814369279312373,-1.1084649077314297,1.5360156862496492
810,2.71,Clear,Medium,Morning,Car,6,5.0,19,0,0,0,0,0,-1.29087105755631,-1.5250766244934304,0.14217205081439596
791,3.49,Clear,Medium,Morning,Bike,17,2.0,38,0,0,0,0,0,-1.1538801004647952,0.0024996703005720987,-0.903210675762044
809,9.29,Clear,Medium,Morning,Bike,17,2.0,49,0,0,0,0,0,-0.1352293938868639,0.0024996703005720987,-0.903210675762044
408,0.71,Foggy,Low,Night,Bike,29,1.0,41,0,0,0,0,0,-1.6421299218935277,1.6689465373485748,-1.2516715846208573
538,5.32,Rainy,Low,Afternoon,Scooter,27,2.0,48,0,0,0,0,0,-0.8324782395962409,1.3912053928405743,-0.903210675762044
621,4.1,Clear,Medium,Evening,Car,18,3.0,38,0,0,0,0,0,-1.0467461468419437,0.14137024255457234,-0.5547497669032306
39,13.84,Clear,Low,Morning,Scooter,18,5.0,64,0,0,0,1,0,0.6638845224803065,0.14137024255457234,0.14217205081439596
176,3.9,Rainy,High,Morning,Car,25,9.0,54,0,0,0,0,0,-1.0818720332756655,1.1134642483325738,1.5360156862496492
246,18.6,Rainy,Medium,Morning,Car,28,9.0,77,0,0,0,0,0,1.4998806196028849,1.5300759650945746,1.5360156862496492
829,14.88,Snowy,Medium,Evening,Bike,10,0.0,64,0,0,0,0,0,0.8465391319356599,-0.9695943354774295,-1.6001324934796706
668,3.63,Windy,Medium,Morning,Car,22,9.0,39,0,0,0,0,0,-1.1292919799611898,0.6968525315705733,1.5360156862496492
755,3.22,Windy,High,Morning,Car,7,7.0,27,0,0,0,0,0,-1.2013000471503195,-1.3862060522394302,0.8390938685320226
859,11.51,Foggy,Low,Afternoon,Car,5,7.0,57,0,0,0,0,0,0.25466794552744787,-1.6639471967474306,0.8390938685320226
155,19.72,Rainy,Low,Afternoon,Bike,27,6.0,109,0,0,0,0,0,1.6965855836317265,1.3912053928405743,0.4906329596732093
288,11.08,Clear,Low,Evening,Scooter,28,2.0,58,0,0,0,0,0,0.17914728969494614,1.5300759650945746,-0.903210675762044
603,3.95,Clear,Medium,Morning,Car,28,5.0,47,0,0,0,0,0,-1.073090561667235,1.5300759650945746,0.14217205081439596
570,7.29,Clear,High,Evening,Car,11,7.0,48,0,0,0,0,0,-0.4864882582240814,-0.8307237632234292,0.8390938685320226
744,10.3,Clear,Low,Morning,Car,12,7.0,41,0,0,0,0,0,0.04215633260343134,-0.691853190969429,0.8390938685320226
18,10.73,Rainy,High,Afternoon,Car,27,6.0,83,0,0,0,0,0,0.11767698843593309,1.3912053928405743,0.4906329596732093
128,17.28,Clear,Low,Morning,Car,28,3.0,72,0,0,0,0,0,1.2680497691403212,1.5300759650945746,-0.5547497669032306
323,13.37,Foggy,Medium,Evening,Scooter,16,9.0,71,0,0,0,0,0,0.5813386893610603,-0.13637090195342813,1.5360156862496492
256,11.36,Clear,Medium,Morning,Scooter,8,2.0,52,0,0,0,0,0,0.2283235307021565,-1.24733547998543,-0.903210675762044
658,7.58,Clear,High,Afternoon,Scooter,19,9.0,57,0,0,0,0,0,-0.43555572289518485,0.28024081480857255,1.5360156862496492
965,6.13,Rainy,High,Morning,Bike,25,6.0,59,0,0,1,0,0,-0.6902183995396678,1.1134642483325738,0.4906329596732093
191,2.32,Clear,Low,Afternoon,Scooter,23,1.0,32,0,0,0,0,0,-1.3593665361020675,0.8357231038245735,-1.2516715846208573
116,17.49,Rainy,Low,Evening,Bike,27,9.0,97,0,0,0,0,0,1.3049319498957286,1.3912053928405743,1.5360156862496492
617,1.69,Windy,Medium,Afternoon,Car,11,7.0,20,0,1,0,0,0,-1.4700130783682912,-0.8307237632234292,0.8390938685320226
607,4.52,Clear,Low,Evening,Car,17,0.0,71,1,0,0,0,0,-0.9729817853311281,0.0024996703005720987,-1.6001324934796706
181,7.15,Windy,Low,Morning,Bike,15,3.0,42,0,0,0,0,0,-0.5110763787276866,-0.27524147420742834,-0.5547497669032306
302,10.86,Windy,Medium,Morning,Car,10,4.0,60,0,0,1,0,0,0.14050881461785206,-0.9695943354774295,-0.20628885804441735
760,15.88,Rainy,Low,Evening,Car,17,1.0,68,0,0,0,0,0,1.0221685641042688,0.0024996703005720987,-1.2516715846208573
713,9.7,Snowy,Low,Evening,Bike,6,5.0,45,0,0,0,1,0,-0.06322132669773423,-1.5250766244934304,0.14217205081439596
724,14.95,Clear,Medium,Morning,Bike,13,7.0,49,0,0,0,0,0,0.8588331921874622,-0.5529826187154289,0.8390938685320226
686,11.36,Foggy,Low,Afternoon,Bike,6,4.0,47,0,0,0,0,0,0.2283235307021565,-1.5250766244934304,-0.20628885804441735
980,12.14,Foggy,High,Afternoon,Bike,12,0.0,65,0,0,0,0,0,0.3653144877936716,-0.691853190969429,-1.6001324934796706
518,16.31,Foggy,Medium,Afternoon,Car,14,7.0,71,0,0,0,0,0,1.0976892199367703,-0.4141120464614286,0.8390938685320226
985,14.7,Clear,Medium,Evening,Scooter,24,5.0,75,0,0,0,0,0,0.8149258341453101,0.9745936760785737,0.14217205081439596
46,13.42,Rainy,Medium,Evening,Bike,6,6.0,105,0,0,0,0,0,0.5901201609694908,-1.5250766244934304,0.4906329596732093
910,7.9,Clear,Low,Afternoon,Scooter,22,5.0,48,0,0,0,1,0,-0.37935430460123,0.6968525315705733,0.14217205081439596
158,15.35,Foggy,Low,Morning,Car,5,3.0,56,0,0,0,0,0,0.9290849650549059,-1.6639471967474306,-0.5547497669032306
852,15.12,Foggy,Low,Morning,Bike,14,1.0,58,0,0,0,0,0,0.8886901956561257,-0.4141120464614286,-1.2516715846208573
172,0.82,Windy,Low,Morning,Car,18,9.0,23,0,0,0,0,0,-1.6228106843549808,0.14137024255457234,1.5360156862496492
17,6.43,Clear,Low,Evening,Car,9,7.0,26,0,0,0,0,0,-0.6375295698890852,-1.1084649077314297,0.8390938685320226
512,8.66,Snowy,High,Morning,Bike,29,3.0,77,0,0,0,0,0,-0.24587593615308728,1.6689465373485748,-0.5547497669032306
49,11.16,Foggy,Medium,Afternoon,Car,21,4.0,77,0,0,0,0,0,0.19319764426843486,0.557981959316573,-0.20628885804441735
972,18.77,Foggy,Low,Afternoon,Car,15,5.0,71,0,0,0,1,0,1.5297376230715483,-0.27524147420742834,0.14217205081439596
941,5.84,Clear,Medium,Evening,Bike,21,7.0,35,0,1,0,0,0,-0.7411509348685643,0.557981959316573,0.8390938685320226
516,1.01,Clear,High,Night,Bike,17,7.0,29,0,0,0,0,0,-1.5894410922429452,0.0024996703005720987,0.8390938685320226
953,3.92,Rainy,Medium,Night,Bike,20,9.0,41,0,0,0,0,0,-1.0783594446322933,0.4191113870625728,1.5360156862496492
481,12.77,Foggy,Low,Morning,Bike,22,8.0,71,0,0,0,0,0,0.47596103005989504,0.6968525315705733,1.187554777390836
284,2.33,Clear,Low,Evening,Bike,9,2.0,18,0,0,0,0,0,-1.3576102417803815,-1.1084649077314297,-0.903210675762044
719,2.92,Windy,High,Afternoon,Bike,24,4.0,48,0,0,0,0,0,-1.2539888768009022,0.9745936760785737,-0.20628885804441735
878,13.35,Rainy,Low,Evening,Scooter,14,4.0,91,0,0,0,0,0,0.5778261007176881,-0.4141120464614286,-0.20628885804441735
226,5.26,Rainy,Medium,Evening,Scooter,28,8.0,51,0,0,0,0,0,-0.8430160055263575,1.5300759650945746,1.187554777390836
27,4.39,Foggy,Medium,Night,Bike,12,8.0,38,0,0,0,0,0,-0.9958136115130471,-0.691853190969429,1.187554777390836
955,8.67,Windy,High,Morning,Bike,20,4.0,55,0,0,0,0,0,-0.24411964183140125,0.4191113870625728,-0.20628885804441735
438,16.53,Snowy,Low,Afternoon,Scooter,24,9.0,99,0,0,0,0,0,1.1363276950138645,0.9745936760785737,1.5360156862496492
952,13.47,Clear,Medium,Evening,Bike,19,4.0,59,0,0,0,0,0,0.5989016325779214,0.28024081480857255,-0.20628885804441735
365,18.86,Snowy,Medium,Night,Bike,18,1.0,89,0,0,0,0,0,1.545544271966723,0.14137024255457234,-1.2516715846208573
230,12.81,Clear,Low,Morning,Bike,12,2.0,51,0,0,0,0,0,0.48298620734663955,-0.691853190969429,-0.903210675762044
38,2.4,Snowy,Low,Night,Scooter,27,5.0,42,0,0,0,0,0,-1.3453161815285788,1.3912053928405743,0.14217205081439596
966,7.44,Rainy,Medium,Evening,Bike,6,1.0,39,0,0,0,0,0,-0.46014384339879005,-1.5250766244934304,-1.2516715846208573
375,1.89,Clear,Medium,Evening,Scooter,13,7.0,22,0,0,0,0,0,-1.4348871919345692,-0.5529826187154289,0.8390938685320226
470,19.28,Snowy,Medium,Morning,Car,21,3.0,101,0,0,0,0,0,1.619308633477539,0.557981959316573,-0.5547497669032306
968,6.29,Clear,Medium,Morning,Scooter,10,7.0,27,1,0,0,0,0,-0.6621176903926903,-0.9695943354774295,0.8390938685320226
851,1.81,Clear,Medium,Afternoon,Car,23,3.0,34,0,0,0,0,0,-1.4489375465080578,0.8357231038245735,-0.5547497669032306
705,1.74,Clear,Medium,Night,Bike,23,2.0,34,0,0,0,0,0,-1.4612316067598605,0.8357231038245735,-0.903210675762044
842,13.44,Clear,Medium,Morning,Car,22,1.0,79,0,0,0,0,0,0.5936327496128629,0.6968525315705733,-1.2516715846208573
195,7.11,Clear,Low,Afternoon,Scooter,27,5.0,48,0,0,0,1,0,-0.518101556014431,1.3912053928405743,0.14217205081439596
855,4.5,Windy,Low,Evening,Scooter,20,6.0,32,0,0,0,0,0,-0.9764943739745001,0.4191113870625728,0.4906329596732093
865,8.31,Windy,Medium,Morning,Bike,6,5.0,44,0,0,0,0,0,-0.3073462374121003,-1.5250766244934304,0.14217205081439596
504,16.37,Clear,High,Morning,Bike,26,7.0,97,0,0,0,0,0,1.1082269858668872,1.252334820586574,0.8390938685320226
970,9.78,Clear,Medium,Afternoon,Bike,18,3.0,58,0,0,0,0,0,-0.04917097212424551,0.14137024255457234,-0.5547497669032306
831,4.88,Windy,Medium,Afternoon,Scooter,26,7.0,48,0,0,0,0,0,-0.9097551897504288,1.252334820586574,0.8390938685320226
580,5.54,Rainy,Medium,Morning,Scooter,28,9.0,51,0,0,1,0,0,-0.793839764519147,1.5300759650945746,1.5360156862496492
969,11.54,Clear,High,Afternoon,Car,10,0.0,56,0,0,0,0,0,0.25993682849250604,-0.9695943354774295,-1.6001324934796706
163,12.85,Clear,Low,Afternoon,Scooter,5,5.0,54,0,0,0,1,0,0.49001138463338373,-1.6639471967474306,0.14217205081439596
909,5.56,Clear,Low,Afternoon,Scooter,19,5.0,31,0,0,0,0,0,-0.7903271758757748,0.28024081480857255,0.14217205081439596
153,3.33,Clear,Medium,Evening,Scooter,24,2.0,44,1,0,0,0,0,-1.1819808096117725,0.9745936760785737,-0.903210675762044
802,3.47,Snowy,High,Night,Bike,24,9.0,53,0,0,0,0,0,-1.1573926891081672,0.9745936760785737,1.5360156862496492
994,12.01,Clear,Low,Morning,Scooter,26,6.0,57,0,0,0,0,0,0.34248266161175234,1.252334820586574,0.4906329596732093
756,15.98,Foggy,Low,Morning,Car,21,6.0,90,0,0,0,0,0,1.0397315073211295,0.557981959316573,0.4906329596732093
112,3.64,Clear,Low,Morning,Scooter,16,3.0,26,0,0,0,0,0,-1.1275356856395038,-0.13637090195342813,-0.5547497669032306
227,19.47,Clear,Low,Morning,Bike,16,8.0,83,0,0,0,0,0,1.6526782255895742,-0.13637090195342813,1.187554777390836
689,15.51,Rainy,Medium,Morning,Scooter,10,8.0,81,0,0,0,0,0,0.9571856742018833,-0.9695943354774295,1.187554777390836
104,10.42,Windy,Medium,Afternoon,Bike,28,3.0,72,0,0,0,0,0,0.06323186446366426,1.5300759650945746,-0.5547497669032306
422,15.9,Rainy,Low,Evening,Car,19,5.0,78,0,0,0,0,0,1.0256811527476408,0.28024081480857255,0.14217205081439596
420,15.17,Windy,Low,Morning,Bike,25,4.0,77,0,0,0,0,0,0.8974716672645563,1.1134642483325738,-0.20628885804441735
751,2.78,Rainy,Low,Morning,Bike,21,4.0,37,0,0,1,0,0,-1.2785769973045076,0.557981959316573,-0.20628885804441735
587,1.98,Rainy,Low,Afternoon,Bike,22,0.0,39,0,0,0,0,0,-1.4190805430393945,0.6968525315705733,-1.6001324934796706
781,14.03,Clear,Low,Afternoon,Bike,17,2.0,65,0,0,0,0,0,0.6972541145923421,0.0024996703005720987,-0.903210675762044
673,2.06,Foggy,Medium,Evening,Scooter,22,4.0,40,0,0,0,0,0,-1.4050301884659058,0.6968525315705733,-0.20628885804441735
120,11.02,Clear,High,Morning,Scooter,22,2.0,70,0,0,0,0,0,0.16860952376482952,0.6968525315705733,-0.903210675762044
54,17.95,Snowy,High,Morning,Scooter,16,5.0,96,0,0,0,1,0,1.385721488693289,-0.13637090195342813,0.14217205081439596
152,5.17,Foggy,Low,Morning,Bike,29,0.0,56,0,0,0,0,0,-0.8588226544215323,1.6689465373485748,-1.6001324934796706
404,16.62,Snowy,Low,Afternoon,Bike,26,8.0,94,0,0,0,0,0,1.1521343439090395,1.252334820586574,1.187554777390836
946,0.71,Rainy,Low,Morning,Car,25,8.0,31,0,0,0,0,0,-1.6421299218935277,1.1134642483325738,1.187554777390836
208,13.44,Clear,Medium,Evening,Scooter,9,5.0,55,0,1,0,0,0,0.5936327496128629,-1.1084649077314297,0.14217205081439596
659,13.1,Clear,Low,Evening,Bike,28,2.0,72,0,0,0,0,0,0.533918742675536,1.5300759650945746,-0.903210675762044
844,19.24,Rainy,High,Afternoon,Bike,9,7.0,75,0,0,0,0,0,1.6122834561907942,-1.1084649077314297,0.8390938685320226
763,5.35,Clear,Medium,Afternoon,Scooter,24,6.0,43,0,0,0,0,0,-0.8272093566311827,0.9745936760785737,0.4906329596732093
9,12.22,Clear,Low,Evening,Scooter,15,0.0,56,0,0,0,0,0,0.37936484236716034,-0.27524147420742834,-1.6001324934796706
808,18.55,Clear,Low,Afternoon,Car,11,9.0,69,0,0,0,0,0,1.4910991479944544,-0.8307237632234292,1.5360156862496492
37,6.44,Clear,Low,Afternoon,Car,18,2.0,43,0,0,0,0,0,-0.6357732755673989,0.14137024255457234,-0.903210675762044
453,8.77,Foggy,Medium,Evening,Car,14,7.0,49,0,0,0,0,0,-0.22655669861454042,-0.4141120464614286,0.8390938685320226
652,10.97,Clear,Low,Afternoon,Scooter,27,3.0,51,0,0,0,0,0,0.15982805215639925,1.3912053928405743,-0.5547497669032306
254,6.68,Clear,High,Morning,Scooter,10,5.0,44,0,0,0,0,0,-0.5936222118469329,-0.9695943354774295,0.14217205081439596
304,12.93,Rainy,Low,Afternoon,Scooter,25,0.0,61,0,0,0,0,0,0.5040617392068725,1.1134642483325738,-1.6001324934796706
747,7.99,Clear,Medium,Evening,Bike,18,4.0,42,0,0,0,0,0,-0.36354765570605524,0.14137024255457234,-0.20628885804441735
572,15.78,Clear,High,Afternoon,Scooter,12,1.0,68,0,0,0,0,0,1.0046056208874077,-0.691853190969429,-1.2516715846208573
624,9.95,Windy,High,Evening,Scooter,21,5.0,72,0,0,0,0,0,-0.019313968655582017,0.557981959316573,0.14217205081439596
733,13.47,Rainy,Low,Afternoon,Scooter,7,6.0,46,0,0,0,0,0,0.5989016325779214,-1.3862060522394302,0.4906329596732093
892,17.19,Clear,Medium,Afternoon,Bike,11,8.0,76,0,0,0,0,0,1.2522431202451465,-0.8307237632234292,1.187554777390836
263,3.23,Clear,High,Afternoon,Bike,17,9.0,33,0,0,0,0,0,-1.1995437528286332,0.0024996703005720987,1.5360156862496492
611,1.27,Foggy,High,Afternoon,Bike,25,9.0,46,0,0,0,0,0,-1.5437774398791069,1.1134642483325738,1.5360156862496492
298,4.71,Clear,Low,Morning,Bike,20,6.0,31,0,0,0,0,0,-0.9396121932190923,0.4191113870625728,0.4906329596732093
415,12.82,Rainy,Medium,Evening,Bike,28,9.0,72,0,0,0,0,0,0.48474250166832555,1.5300759650945746,1.5360156862496492
151,18.21,Clear,Low,Evening,Bike,6,3.0,74,1,0,0,0,0,1.4313851410571274,-1.5250766244934304,-0.5547497669032306
789,9.51,Clear,High,Morning,Bike,26,9.0,63,0,0,0,0,0,-0.09659091880976983,1.252334820586574,1.5360156862496492
641,0.89,Rainy,Low,Morning,Car,9,0.0,20,0,0,0,0,0,-1.610516624103178,-1.1084649077314297,-1.6001324934796706
890,5.24,Windy,High,Afternoon,Scooter,26,8.0,51,0,0,0,0,0,-0.8465285941697296,1.252334820586574,1.187554777390836
551,10.64,Windy,Low,Evening,Car,11,9.0,36,0,0,0,0,0,0.10187033954075832,-0.8307237632234292,1.5360156862496492
887,13.23,Clear,Medium,Night,Bike,20,8.0,70,0,0,0,0,0,0.5567505688574552,0.4191113870625728,1.187554777390836
489,19.03,Clear,Medium,Morning,Scooter,8,8.0,65,0,0,0,0,0,1.5754012754353868,-1.24733547998543,1.187554777390836
148,10.3,Rainy,Low,Evening,Bike,29,0.0,73,0,0,0,0,0,0.04215633260343134,1.6689465373485748,-1.6001324934796706
147,12.39,Snowy,Medium,Evening,Bike,14,8.0,56,0,0,0,0,0,0.4092218458358238,-0.4141120464614286,1.187554777390836
721,18.8,Clear,High,Afternoon,Bike,23,7.0,95,0,0,0,0,0,1.5350065060366067,0.8357231038245735,0.8390938685320226
932,16.78,Rainy,Medium,Morning,Bike,22,1.0,70,0,0,0,0,0,1.1802350530560168,0.6968525315705733,-1.2516715846208573
740,7.85,Clear,Low,Afternoon,Scooter,7,9.0,34,0,0,0,0,0,-0.38813577620966055,-1.3862060522394302,1.5360156862496492
660,11.63,Clear,Medium,Night,Scooter,29,7.0,57,0,0,0,0,0,0.2757434773876811,1.6689465373485748,0.8390938685320226
349,7.8,Windy,Medium,Afternoon,Car,17,6.0,44,0,0,0,0,0,-0.39691724781809096,0.0024996703005720987,0.4906329596732093
464,11.88,Rainy,Medium,Afternoon,Bike,5,1.0,63,0,0,0,0,0,0.31965083542983336,-1.6639471967474306,-1.2516715846208573
326,14.89,Clear,High,Evening,Car,22,9.0,88,0,0,0,0,0,0.848295426257346,0.6968525315705733,1.5360156862496492
187,16.44,Rainy,High,Afternoon,Bike,12,5.0,86,0,0,0,1,0,1.1205210461186899,-0.691853190969429,0.14217205081439596
124,2.65,Clear,Medium,Afternoon,Car,14,4.0,35,1,0,0,0,0,-1.3014088234864265,-0.4141120464614286,-0.20628885804441735
854,18.01,Foggy,High,Night,Bike,14,2.0,71,0,0,0,0,0,1.3962592546234058,-0.4141120464614286,-0.903210675762044
609,10.32,Clear,Medium,Night,Car,24,5.0,49,0,0,0,0,0,0.04566892124680343,0.9745936760785737,0.14217205081439596
144,6.37,Rainy,Low,Afternoon,Car,29,4.0,56,0,0,0,0,0,-0.6480673358192016,1.6689465373485748,-0.20628885804441735
959,3.74,Rainy,Low,Morning,Bike,19,6.0,36,0,0,0,0,0,-1.1099727424226429,0.28024081480857255,0.4906329596732093
198,17.99,Windy,High,Evening,Bike,5,1.0,73,0,0,0,0,0,1.3927466659800332,-1.6639471967474306,-1.2516715846208573
610,13.96,Rainy,Low,Night,Bike,5,1.0,42,0,0,0,0,0,0.6849600543405397,-1.6639471967474306,-1.2516715846208573
280,16.02,Clear,Low,Evening,Bike,20,7.0,61,0,0,0,0,0,1.0467566846078737,0.4191113870625728,0.8390938685320226
294,7.52,Clear,Medium,Afternoon,Car,17,9.0,44,1,0,0,0,0,-0.4460934888253015,0.0024996703005720987,1.5360156862496492
401,2.51,Clear,Low,Morning,Bike,16,2.0,28,0,0,0,0,0,-1.3259969439900319,-0.13637090195342813,-0.903210675762044
123,6.7,Foggy,High,Morning,Scooter,23,3.0,59,0,0,0,0,0,-0.5901096232035606,0.8357231038245735,-0.5547497669032306
184,17.61,Windy,Low,Morning,Bike,5,8.0,61,0,0,0,0,0,1.326007481755962,-1.6639471967474306,1.187554777390836
203,3.65,Clear,Medium,Morning,Bike,29,9.0,46,0,0,0,0,0,-1.1257793913178176,1.6689465373485748,1.5360156862496492
439,14.27,Clear,Medium,Night,Car,24,3.0,77,0,0,0,0,0,0.7394051783128083,0.9745936760785737,-0.5547497669032306
247,8.85,Clear,Low,Afternoon,Bike,11,9.0,45,0,0,0,0,0,-0.2125063440410517,-0.8307237632234292,1.5360156862496492
416,9.24,Windy,Medium,Afternoon,Bike,8,2.0,49,0,1,0,0,0,-0.14401086549529415,-1.24733547998543,-0.903210675762044
933,19.7,Rainy,Low,Evening,Car,16,6.0,66,0,0,0,0,0,1.6930729949883543,-0.13637090195342813,0.4906329596732093
766,11.61,Clear,High,Morning,Car,19,1.0,67,0,0,0,0,0,0.27223088874430873,0.28024081480857255,-1.2516715846208573
907,16.44,Windy,High,Afternoon,Car,8,0.0,80,0,0,0,0,0,1.1205210461186899,-1.24733547998543,-1.6001324934796706
836,8.67,Rainy,High,Afternoon,Bike,12,7.0,104,0,0,0,0,0,-0.24411964183140125,-0.691853190969429,0.8390938685320226
888,5.14,Clear,Medium,Evening,Scooter,23,7.0,43,0,0,0,0,0,-0.8640915373865905,0.8357231038245735,0.8390938685320226
130,10.46,Clear,Medium,Evening,Bike,25,3.0,68,0,1,0,0,0,0.07025704175040878,1.1134642483325738,-0.5547497669032306
638,5.23,Clear,Medium,Morning,Scooter,23,2.0,47,0,0,0,0,0,-0.8482848884914156,0.8357231038245735,-0.903210675762044
403,10.35,Clear,Medium,Night,Bike,7,9.0,48,0,0,0,0,0,0.05093780421186159,-1.3862060522394302,1.5360156862496492
785,4.04,Rainy,High,Evening,Bike,14,6.0,39,0,0,0,0,0,-1.0572839127720601,-0.4141120464614286,0.4906329596732093
771,2.66,Clear,Low,Afternoon,Bike,16,8.0,21,0,0,0,0,0,-1.2996525291647405,-0.13637090195342813,1.187554777390836
736,17.61,Foggy,Medium,Afternoon,Bike,9,5.0,74,0,0,0,0,0,1.326007481755962,-1.1084649077314297,0.14217205081439596
914,8.48,Clear,High,Night,Bike,11,5.0,39,0,0,0,0,0,-0.27748923394343683,-0.8307237632234292,0.14217205081439596
220,17.06,Clear,Low,Evening,Bike,9,9.0,66,0,0,0,0,0,1.229411294063227,-1.1084649077314297,1.5360156862496492
642,6.78,Foggy,Low,Night,Bike,18,6.0,42,0,0,0,0,0,-0.576059268630072,0.14137024255457234,0.4906329596732093
916,9.0,Snowy,Medium,Afternoon,Car,29,3.0,78,0,0,0,0,0,-0.1861619292157603,1.6689465373485748,-0.5547497669032306
753,12.74,Clear,Low,Afternoon,Scooter,12,0.0,63,0,0,0,0,0,0.47069214709483687,-0.691853190969429,-1.6001324934796706
807,18.72,Rainy,Medium,Afternoon,Bike,17,0.0,89,0,0,0,0,0,1.5209561514631176,0.0024996703005720987,-1.6001324934796706
920,3.23,Clear,Low,Morning,Bike,7,7.0,14,0,0,1,0,0,-1.1995437528286332,-1.3862060522394302,0.8390938685320226
625,12.56,Clear,Low,Morning,Car,22,8.0,49,0,0,0,0,0,0.4390788493044873,0.6968525315705733,1.187554777390836
875,1.0,Snowy,Medium,Morning,Bike,28,0.0,51,0,0,0,0,0,-1.5911973865646312,1.5300759650945746,-1.6001324934796706
761,3.46,Clear,Low,Morning,Bike,24,6.0,37,0,0,0,0,0,-1.1591489834298534,0.9745936760785737,0.4906329596732093
387,6.0,Snowy,Low,Morning,Car,20,8.0,53,0,0,0,0,0,-0.7130502257215868,0.4191113870625728,1.187554777390836
973,14.79,Clear,Medium,Morning,Scooter,12,9.0,64,0,0,0,0,0,0.8307324830404849,-0.691853190969429,1.5360156862496492
510,14.65,Snowy,High,Morning,Car,19,3.0,95,0,0,0,0,0,0.8061443625368798,0.28024081480857255,-0.5547497669032306
268,14.2,Clear,Medium,Afternoon,Bike,17,1.0,73,0,0,0,0,0,0.7271111180610056,0.0024996703005720987,-1.2516715846208573
820,7.04,Clear,Low,Afternoon,Bike,11,8.0,38,0,0,0,0,0,-0.5303956162662337,-0.8307237632234292,1.187554777390836
442,19.74,Clear,Medium,Afternoon,Car,16,1.0,98,0,1,0,0,0,1.7000981722750985,-0.13637090195342813,-1.2516715846208573
497,11.88,Rainy,Medium,Evening,Bike,20,8.0,69,0,0,0,0,0,0.31965083542983336,0.4191113870625728,1.187554777390836
113,18.63,Clear,Low,Evening,Bike,26,8.0,75,0,0,0,0,0,1.5051495025679429,1.252334820586574,1.187554777390836
692,8.8,Rainy,Medium,Afternoon,Bike,6,2.0,38,0,0,0,0,0,-0.22128781564948194,-1.5250766244934304,-0.903210675762044
233,11.75,Clear,High,Morning,Bike,9,2.0,55,0,0,0,0,0,0.29681900924791405,-1.1084649077314297,-0.903210675762044
870,18.95,Snowy,Low,Morning,Car,27,0.0,92,0,0,0,0,0,1.5613509208618976,1.3912053928405743,-1.6001324934796706
608,7.6,Foggy,Low,Morning,Bike,16,4.0,48,0,0,0,0,0,-0.4320431342518128,-0.13637090195342813,-0.20628885804441735
672,17.99,Foggy,Low,Morning,Car,11,2.0,84,0,0,0,0,0,1.3927466659800332,-0.8307237632234292,-0.903210675762044
374,13.82,Clear,Medium,Evening,Bike,21,9.0,72,0,0,0,0,0,0.6603719338369345,0.557981959316573,1.5360156862496492
982,15.53,Foggy,Low,Evening,Bike,26,7.0,68,0,0,0,0,0,0.9606982628452554,1.252334820586574,0.8390938685320226
843,3.97,Clear,High,Afternoon,Bike,19,8.0,40,0,0,0,0,0,-1.0695779730238628,0.28024081480857255,1.187554777390836
234,10.1,Clear,High,Morning,Car,17,6.0,55,0,0,0,0,0,0.007030446169709375,0.0024996703005720987,0.4906329596732093
786,18.21,Foggy,Low,Morning,Bike,5,1.0,70,0,0,0,0,0,1.4313851410571274,-1.6639471967474306,-1.2516715846208573
677,2.68,Clear,Low,Morning,Bike,16,8.0,25,0,0,0,0,0,-1.2961399405213683,-0.13637090195342813,1.187554777390836
318,3.88,Snowy,Low,Morning,Bike,9,6.0,33,0,0,0,0,0,-1.0853846219190377,-1.1084649077314297,0.4906329596732093
649,15.89,Snowy,Medium,Afternoon,Car,15,9.0,91,0,0,0,0,0,1.0239248584259548,-0.27524147420742834,1.5360156862496492
411,6.73,Clear,Medium,Afternoon,Bike,21,1.0,54,0,0,0,0,0,-0.5848407402385023,0.557981959316573,-1.2516715846208573
899,0.75,Clear,Medium,Afternoon,Bike,10,5.0,16,0,0,0,0,0,-1.6351047446067835,-0.9695943354774295,0.14217205081439596
710,13.79,Rainy,Low,Night,Scooter,11,0.0,69,0,0,0,0,0,0.6551030508718759,-0.8307237632234292,-1.6001324934796706
359,18.83,Clear,Medium,Evening,Scooter,5,8.0,69,0,0,0,0,0,1.5402753890016645,-1.6639471967474306,1.187554777390836
259,11.62,Clear,Low,Afternoon,Bike,9,8.0,33,0,0,0,0,0,0.2739871830659948,-1.1084649077314297,1.187554777390836
745,5.03,Clear,Medium,Morning,Bike,17,5.0,38,0,0,0,1,0,-0.8834107749251374,0.0024996703005720987,0.14217205081439596
628,15.08,Rainy,Medium,Evening,Scooter,26,1.0,94,0,0,0,0,0,0.8816650183693816,1.252334820586574,-1.2516715846208573
633,10.48,Rainy,Low,Afternoon,Car,10,7.0,45,0,0,0,0,0,0.07376963039378087,-0.9695943354774295,0.8390938685320226
283,7.82,Rainy,Medium,Evening,Bike,16,8.0,45,0,0,0,0,0,-0.39340465917471873,-0.13637090195342813,1.187554777390836
377,16.98,Clear,Low,Morning,Bike,11,6.0,78,0,0,1,0,0,1.2153609394897384,-0.8307237632234292,0.4906329596732093
385,14.83,Rainy,Low,Morning,Car,19,4.0,126,0,0,0,0,1,0.8377576603272293,0.28024081480857255,-0.20628885804441735
225,5.67,Clear,Low,Morning,Scooter,11,9.0,27,0,0,0,0,0,-0.7710079383372278,-0.8307237632234292,1.5360156862496492
954,18.33,Snowy,Medium,Morning,Scooter,5,5.0,67,0,0,0,0,0,1.4524606729173601,-1.6639471967474306,0.14217205081439596
815,17.46,Clear,Medium,Morning,Scooter,6,5.0,62,0,0,0,1,0,1.2996630669306708,-1.5250766244934304,0.14217205081439596
473,1.34,Foggy,High,Evening,Bike,9,5.0,30,0,0,0,0,0,-1.5314833796273042,-1.1084649077314297,0.14217205081439596
348,1.38,Clear,Low,Morning,Scooter,13,9.0,17,0,0,0,0,0,-1.52445820234056,-0.5529826187154289,1.5360156862496492
506,3.67,Clear,Low,Morning,Bike,9,0.0,26,0,0,1,0,0,-1.1222668026744456,-1.1084649077314297,-1.6001324934796706
640,7.86,Windy,Medium,Morning,Car,22,2.0,55,0,0,0,0,0,-0.38637948188797433,0.6968525315705733,-0.903210675762044
988,8.98,Clear,Medium,Afternoon,Scooter,22,8.0,105,0,0,0,0,0,-0.18967451785913242,0.6968525315705733,1.187554777390836
929,12.85,Rainy,Medium,Evening,Scooter,6,7.0,61,0,0,0,0,0,0.49001138463338373,-1.5250766244934304,0.8390938685320226
906,17.91,Clear,Low,Afternoon,Bike,6,7.0,68,0,0,0,0,0,1.3786963114065447,-1.5250766244934304,0.8390938685320226
620,15.09,Snowy,Low,Morning,Car,20,7.0,68,0,0,0,0,0,0.8834213126910676,0.4191113870625728,0.8390938685320226
856,4.22,Clear,Medium,Morning,Bike,16,7.0,35,0,0,0,0,0,-1.0256706149817107,-0.13637090195342813,0.8390938685320226
804,12.33,Clear,High,Night,Bike,7,2.0,101,0,0,0,0,0,0.3986840799057072,-1.3862060522394302,-0.903210675762044
646,17.87,Snowy,Low,Morning,Scooter,29,4.0,87,0,0,0,0,0,1.3716711341198005,1.6689465373485748,-0.20628885804441735
847,2.16,Clear,Medium,Night,Car,10,1.0,23,0,0,0,0,0,-1.3874672452490449,-0.9695943354774295,-1.2516715846208573
557,3.11,Rainy,Medium,Morning,Scooter,21,1.0,43,0,0,0,0,0,-1.2206192846888666,0.557981959316573,-1.2516715846208573
958,1.42,Clear,High,Afternoon,Scooter,24,2.0,40,0,0,0,0,0,-1.5174330250538155,0.9745936760785737,-0.903210675762044
578,18.57,Rainy,Medium,Afternoon,Bike,16,7.0,89,0,0,0,0,0,1.4946117366378264,-0.13637090195342813,0.8390938685320226
796,17.51,Clear,Medium,Evening,Bike,15,3.0,60,0,0,0,0,0,1.3084445385391013,-0.27524147420742834,-0.5547497669032306
86,6.84,Clear,Medium,Evening,Bike,25,1.0,51,0,0,0,0,0,-0.5655215026999555,1.1134642483325738,-1.2516715846208573
243,18.34,Snowy,Medium,Afternoon,Scooter,22,5.0,91,0,0,0,1,0,1.4542169672390464,0.6968525315705733,0.14217205081439596
699,3.51,Windy,Medium,Night,Bike,22,2.0,44,0,0,0,0,0,-1.150367511821423,0.6968525315705733,-0.903210675762044
160,14.7,Clear,Medium,Morning,Scooter,6,2.0,58,0,0,0,0,0,0.8149258341453101,-1.5250766244934304,-0.903210675762044
525,16.85,Clear,High,Morning,Car,17,4.0,71,0,0,0,0,0,1.1925291133078195,0.0024996703005720987,-0.20628885804441735
36,16.26,Rainy,Low,Morning,Car,27,5.0,66,0,0,0,0,0,1.0889077483283403,1.3912053928405743,0.14217205081439596
541,19.1,Snowy,Medium,Morning,Bike,25,6.0,90,0,0,0,0,0,1.5876953356871895,1.1134642483325738,0.4906329596732093
171,13.71,Rainy,Medium,Evening,Bike,22,9.0,64,0,0,0,0,0,0.6410526962983876,0.6968525315705733,1.5360156862496492
655,8.92,Clear,Medium,Morning,Bike,10,1.0,51,0,0,1,0,0,-0.20021228378924902,-0.9695943354774295,-1.2516715846208573
891,14.58,Clear,Low,Evening,Bike,23,0.0,70,0,0,0,0,0,0.7938503022850771,0.8357231038245735,-1.6001324934796706
858,9.71,Clear,Low,Afternoon,Car,27,5.0,61,0,0,0,0,0,-0.06146503237604787,1.3912053928405743,0.14217205081439596
848,19.94,Clear,Low,Afternoon,Bike,26,6.0,83,0,0,0,0,0,1.7352240587088208,1.252334820586574,0.4906329596732093
945,4.53,Snowy,Medium,Morning,Scooter,18,4.0,49,0,0,0,0,0,-0.9712254910094419,0.14137024255457234,-0.20628885804441735
734,10.7,Clear,High,Afternoon,Car,8,4.0,57,0,0,0,0,0,0.11240810547087463,-1.24733547998543,-0.20628885804441735
96,10.13,Clear,Medium,Evening,Bike,22,0.0,65,0,0,0,0,0,0.01229932913476784,0.6968525315705733,-1.6001324934796706
564,0.78,Clear,Low,Afternoon,Bike,11,0.0,18,0,0,0,0,0,-1.6298358616417252,-0.8307237632234292,-1.6001324934796706
241,18.84,Foggy,Medium,Afternoon,Scooter,25,8.0,88,0,0,0,0,0,1.5420316833233507,1.1134642483325738,1.187554777390836
743,15.08,Snowy,Low,Evening,Bike,29,7.0,84,0,0,0,0,0,0.8816650183693816,1.6689465373485748,0.8390938685320226
575,17.32,Clear,Low,Evening,Scooter,10,3.0,77,0,0,0,0,0,1.2750749464270654,-0.9695943354774295,-0.5547497669032306
691,6.81,Clear,Medium,Evening,Bike,23,2.0,47,0,0,0,0,0,-0.5707903856650137,0.8357231038245735,-0.903210675762044
461,2.79,Clear,High,Morning,Bike,23,7.0,38,0,0,0,0,0,-1.2768207029828214,0.8357231038245735,0.8390938685320226
554,11.44,Foggy,High,Afternoon,Car,14,4.0,74,0,0,0,0,0,0.2423738852756452,-0.4141120464614286,-0.20628885804441735
889,2.44,Snowy,High,Evening,Bike,13,9.0,39,0,0,0,0,0,-1.3382910042418346,-0.5529826187154289,1.5360156862496492
207,2.48,Rainy,Low,Evening,Scooter,20,8.0,30,0,0,0,0,0,-1.3312658269550899,0.4191113870625728,1.187554777390836
393,7.75,Clear,Medium,Evening,Scooter,21,1.0,55,1,0,0,0,0,-0.40569871942652136,0.557981959316573,-1.2516715846208573
795,0.85,Clear,Medium,Morning,Bike,9,8.0,17,0,0,0,0,0,-1.6175418013899225,-1.1084649077314297,1.187554777390836
398,8.87,Clear,Low,Evening,Bike,19,3.0,55,0,0,0,0,0,-0.2089937553976796,0.28024081480857255,-0.5547497669032306
767,15.37,Snowy,Medium,Afternoon,Car,15,5.0,66,0,0,0,0,0,0.932597553698278,-0.27524147420742834,0.14217205081439596
849,10.29,Foggy,Medium,Evening,Scooter,25,4.0,67,0,0,0,0,0,0.040400038281744974,1.1134642483325738,-0.20628885804441735
218,15.06,Rainy,Low,Morning,Bike,22,4.0,65,0,0,0,0,0,0.8781524297260095,0.6968525315705733,-0.20628885804441735
5,3.54,Foggy,Low,Morning,Bike,23,7.0,37,0,0,1,0,0,-1.1450986288563647,0.8357231038245735,0.8390938685320226
769,7.17,Clear,Medium,Morning,Scooter,7,9.0,29,0,0,0,0,0,-0.5075637900843145,-1.3862060522394302,1.5360156862496492
643,4.62,Rainy,Medium,Afternoon,Car,8,3.0,33,0,0,0,0,0,-0.9554188421142671,-1.24733547998543,-0.5547497669032306
930,5.53,Clear,Low,Morning,Car,10,8.0,27,0,0,0,0,0,-0.795596058840833,-0.9695943354774295,1.187554777390836
613,12.74,Rainy,Low,Afternoon,Bike,17,9.0,63,0,0,0,0,0,0.47069214709483687,0.0024996703005720987,1.5360156862496492
739,9.06,Clear,High,Evening,Bike,26,3.0,61,0,0,0,0,0,-0.17562416328564368,1.252334820586574,-0.5547497669032306
547,2.71,Foggy,Low,Morning,Bike,6,0.0,28,0,0,0,0,0,-1.29087105755631,-1.5250766244934304,-1.6001324934796706
726,16.92,Clear,Low,Night,Bike,23,5.0,78,0,0,0,0,0,1.2048231735596222,0.8357231038245735,0.14217205081439596
684,13.54,Foggy,Low,Morning,Bike,11,1.0,54,0,0,0,0,0,0.6111956928297237,-0.8307237632234292,-1.2516715846208573
99,1.0,Snowy,Medium,Morning,Bike,25,4.0,44,0,0,0,0,0,-1.5911973865646312,1.1134642483325738,-0.20628885804441735
805,8.77,Clear,Medium,Morning,Car,12,2.0,42,0,0,0,0,0,-0.22655669861454042,-0.691853190969429,-0.903210675762044
728,16.01,Windy,Low,Morning,Car,28,0.0,84,0,0,0,0,0,1.045000390286188,1.5300759650945746,-1.6001324934796706
574,12.63,Foggy,Medium,Night,Scooter,8,8.0,49,0,0,0,0,0,0.45137290955629,-1.24733547998543,1.187554777390836
407,8.09,Foggy,Low,Evening,Car,22,2.0,56,0,0,0,0,0,-0.3459847124891944,0.6968525315705733,-0.903210675762044
503,6.54,Clear,Medium,Night,Bike,10,7.0,39,0,0,0,0,0,-0.6182103323505381,-0.9695943354774295,0.8390938685320226
48,10.64,Clear,Medium,Afternoon,Scooter,14,5.0,45,0,0,0,0,0,0.10187033954075832,-0.4141120464614286,0.14217205081439596
33,1.77,Clear,Medium,Evening,Bike,14,9.0,22,0,0,0,0,0,-1.4559627237948025,-0.4141120464614286,1.5360156862496492
780,13.0,Foggy,Low,Evening,Bike,25,7.0,77,0,0,0,0,0,0.5163557994586752,1.1134642483325738,0.8390938685320226
840,12.83,Clear,Low,Evening,Bike,5,8.0,50,0,0,0,0,0,0.4864987959900116,-1.6639471967474306,1.187554777390836
201,13.02,Snowy,High,Afternoon,Car,6,9.0,65,0,0,0,0,0,0.5198683881020473,-1.5250766244934304,1.5360156862496492
135,18.89,Rainy,Medium,Morning,Scooter,22,1.0,74,0,0,0,0,0,1.5508131549317814,0.6968525315705733,-1.2516715846208573
28,10.53,Foggy,High,Evening,Bike,25,8.0,72,0,0,0,0,0,0.08255110200221114,1.1134642483325738,1.187554777390836
881,5.01,Rainy,Low,Afternoon,Bike,10,5.0,31,0,0,0,0,0,-0.8869233635685096,-0.9695943354774295,0.14217205081439596
231,16.0,Foggy,Medium,Afternoon,Scooter,13,3.0,65,0,0,0,0,0,1.0432440959645017,-0.5529826187154289,-0.5547497669032306
490,17.86,Clear,Low,Afternoon,Scooter,16,8.0,83,0,0,0,0,0,1.369914839798114,-0.13637090195342813,1.187554777390836
773,2.99,Foggy,High,Afternoon,Bike,9,5.0,90,0,0,0,0,0,-1.2416948165490995,-1.1084649077314297,0.14217205081439596
379,16.38,Clear,Medium,Morning,Bike,6,2.0,51,0,0,0,0,0,1.109983280188573,-1.5250766244934304,-0.903210675762044
289,6.09,Clear,Medium,Night,Bike,7,4.0,27,0,0,0,0,0,-0.6972435768264121,-1.3862060522394302,-0.20628885804441735
419,13.61,Clear,Low,Morning,Bike,26,0.0,66,0,0,0,0,0,0.6234897530815264,1.252334820586574,-1.6001324934796706
675,8.5,Snowy,High,Evening,Bike,14,7.0,56,0,0,0,0,0,-0.2739766453000647,-0.4141120464614286,0.8390938685320226
392,8.55,Clear,Low,Evening,Scooter,28,8.0,46,0,0,0,0,0,-0.26519517369163415,1.5300759650945746,1.187554777390836
593,4.05,Clear,Medium,Afternoon,Scooter,21,5.0,39,0,0,0,0,0,-1.0555276184503741,0.557981959316573,0.14217205081439596
499,19.5,Clear,High,Morning,Bike,18,2.0,73,0,0,0,0,0,1.6579471085546327,0.14137024255457234,-0.903210675762044
139,7.59,Clear,Medium,Afternoon,Scooter,16,3.0,37,0,1,0,0,0,-0.43379942857349885,-0.13637090195342813,-0.5547497669032306
63,16.66,Snowy,High,Afternoon,Scooter,29,7.0,95,0,0,0,0,0,1.1591595211957835,1.6689465373485748,0.8390938685320226
472,19.41,Snowy,High,Evening,Car,21,3.0,100,0,0,0,0,0,1.642140459659458,0.557981959316573,-0.5547497669032306
648,13.74,Foggy,Medium,Afternoon,Bike,6,1.0,56,0,0,0,0,0,0.6463215792634457,-1.5250766244934304,-1.2516715846208573
129,0.64,Clear,High,Night,Bike,10,3.0,24,0,0,0,0,0,-1.6544239821453302,-0.9695943354774295,-0.5547497669032306
977,12.1,Clear,High,Afternoon,Bike,11,0.0,53,0,0,0,0,0,0.3582893105069271,-0.8307237632234292,-1.6001324934796706
521,12.09,Clear,Medium,Morning,Car,13,1.0,60,0,0,0,0,0,0.356533016185241,-0.5529826187154289,-1.2516715846208573
839,11.82,Windy,Medium,Night,Bike,24,7.0,77,0,0,0,0,0,0.30911306949971673,0.9745936760785737,0.8390938685320226
963,5.28,Foggy,Low,Morning,Bike,27,6.0,53,0,0,0,0,0,-0.8395034168829852,1.3912053928405743,0.4906329596732093
65,5.98,Clear,Low,Evening,Car,22,9.0,35,0,0,0,0,0,-0.7165628143649589,0.6968525315705733,1.5360156862496492
813,2.93,Clear,Medium,Morning,Bike,24,8.0,94,0,0,0,0,0,-1.2522325824792162,0.9745936760785737,1.187554777390836
15,4.05,Snowy,Medium,Evening,Scooter,19,2.0,50,0,0,0,0,0,-1.0555276184503741,0.28024081480857255,-0.903210675762044
157,13.61,Clear,Low,Morning,Scooter,12,2.0,43,0,0,1,0,0,0.6234897530815264,-0.691853190969429,-0.903210675762044
41,2.88,Rainy,Medium,Morning,Car,16,4.0,41,0,1,0,0,0,-1.2610140540876464,-0.13637090195342813,-0.20628885804441735
493,5.91,Clear,Medium,Evening,Scooter,29,4.0,57,0,0,0,0,0,-0.7288568746167616,1.6689465373485748,-0.20628885804441735
380,6.0,Rainy,Medium,Evening,Scooter,21,2.0,47,0,0,0,0,0,-0.7130502257215868,0.557981959316573,-0.903210675762044
188,11.33,Clear,Medium,Afternoon,Scooter,29,7.0,77,0,0,0,0,0,0.22305464773709835,1.6689465373485748,0.8390938685320226
764,15.01,Clear,Medium,Morning,Bike,15,6.0,64,0,0,0,0,0,0.8693709581175789,-0.27524147420742834,0.4906329596732093
217,6.85,Clear,High,Morning,Bike,16,5.0,48,0,0,0,0,0,-0.5637652083782694,-0.13637090195342813,0.14217205081439596
792,11.93,Snowy,High,Morning,Car,7,1.0,75,0,0,0,0,0,0.3284323070382636,-1.3862060522394302,-1.2516715846208573
53,18.82,Windy,Low,Morning,Car,5,3.0,77,0,0,0,0,0,1.5385190946799787,-1.6639471967474306,-0.5547497669032306
879,1.03,Clear,Medium,Afternoon,Bike,19,4.0,29,0,0,0,0,0,-1.585928503599573,0.28024081480857255,-0.20628885804441735
338,14.22,Rainy,Medium,Evening,Car,25,8.0,84,0,1,0,0,0,0.730623706704378,1.1134642483325738,1.187554777390836
749,18.18,Snowy,High,Morning,Bike,17,3.0,85,0,0,1,0,0,1.426116258092069,0.0024996703005720987,-0.5547497669032306
720,14.75,Clear,Low,Morning,Car,10,7.0,62,0,0,0,0,0,0.8237073057537406,-0.9695943354774295,0.8390938685320226
725,11.7,Rainy,Low,Afternoon,Bike,17,5.0,60,0,0,0,0,0,0.2880375376394835,0.0024996703005720987,0.14217205081439596
296,10.68,Clear,Low,Morning,Bike,14,1.0,42,0,0,0,0,0,0.10889551682750252,-0.4141120464614286,-1.2516715846208573
702,1.51,Clear,High,Evening,Bike,26,1.0,44,0,0,0,0,0,-1.5016263761586406,1.252334820586574,-1.2516715846208573
252,8.01,Clear,High,Morning,Bike,8,6.0,48,0,0,0,0,0,-0.3600350670626831,-1.24733547998543,0.4906329596732093
727,3.23,Rainy,Low,Morning,Car,25,7.0,42,0,0,0,0,0,-1.1995437528286332,1.1134642483325738,0.8390938685320226
462,13.16,Rainy,High,Morning,Scooter,25,8.0,68,0,0,0,0,0,0.5444565086056525,1.1134642483325738,1.187554777390836
456,10.11,Windy,Low,Morning,Bike,11,4.0,44,0,0,0,0,0,0.008786740491395427,-0.8307237632234292,-0.20628885804441735
997,18.39,Windy,Low,Afternoon,Bike,24,6.0,74,0,0,0,0,0,1.462998438847477,0.9745936760785737,0.4906329596732093
816,10.62,Windy,Medium,Afternoon,Car,22,5.0,54,0,0,0,0,0,0.09835775089738591,0.6968525315705733,0.14217205081439596
863,10.73,Clear,Medium,Afternoon,Bike,7,5.0,57,0,1,0,0,0,0.11767698843593309,-1.3862060522394302,0.14217205081439596
270,6.23,Clear,Medium,Evening,Car,20,1.0,51,0,0,0,0,0,-0.6726554563228068,0.4191113870625728,-1.2516715846208573
202,2.14,Clear,Low,Afternoon,Bike,25,1.0,36,0,0,0,0,0,-1.3909798338924169,1.1134642483325738,-1.2516715846208573
162,12.83,Clear,Medium,Morning,Bike,19,2.0,76,0,0,0,0,0,0.4864987959900116,0.28024081480857255,-0.903210675762044
556,8.37,Clear,High,Evening,Scooter,13,7.0,42,0,0,0,0,0,-0.296808471481984,-0.5529826187154289,0.8390938685320226
730,3.69,Rainy,Medium,Afternoon,Bike,8,8.0,27,0,0,0,0,0,-1.1187542140310733,-1.24733547998543,1.187554777390836
402,18.1,Clear,Low,Morning,Scooter,8,5.0,77,0,0,0,0,0,1.4120659035185805,-1.24733547998543,0.14217205081439596
703,7.06,Clear,Low,Afternoon,Scooter,26,5.0,51,0,0,0,0,0,-0.5268830276228615,1.252334820586574,0.14217205081439596
477,1.94,Foggy,Low,Night,Bike,10,1.0,25,0,0,0,0,0,-1.426105720326139,-0.9695943354774295,-1.2516715846208573
822,0.59,Clear,Low,Afternoon,Bike,21,0.0,27,0,0,0,0,0,-1.6632054537537608,0.557981959316573,-1.6001324934796706
772,17.01,Snowy,Low,Night,Bike,28,6.0,97,0,0,0,0,0,1.220629822454797,1.5300759650945746,0.4906329596732093
106,5.36,Clear,Low,Afternoon,Scooter,11,4.0,30,0,0,0,0,0,-0.8254530623094964,-0.8307237632234292,-0.20628885804441735
566,12.0,Clear,Low,Evening,Car,25,0.0,75,0,0,0,0,0,0.3407263672900663,1.1134642483325738,-1.6001324934796706
390,16.23,Clear,Medium,Evening,Bike,6,0.0,54,0,0,0,0,0,1.0836388653632818,-1.5250766244934304,-1.6001324934796706
2,19.04,Rainy,Low,Evening,Car,12,6.0,60,0,0,0,0,0,1.5771575697570726,-0.691853190969429,0.4906329596732093
938,18.33,Foggy,Medium,Morning,Scooter,19,0.0,98,0,0,0,0,0,1.4524606729173601,0.28024081480857255,-1.6001324934796706
983,2.58,Clear,Medium,Morning,Scooter,25,7.0,37,0,0,0,0,0,-1.3137028837382292,1.1134642483325738,0.8390938685320226
562,4.65,Clear,Medium,Evening,Bike,21,1.0,46,0,0,0,0,0,-0.9501499591492087,0.557981959316573,-1.2516715846208573
81,17.33,Snowy,Low,Evening,Scooter,12,3.0,79,0,0,0,0,0,1.2768312407487512,-0.691853190969429,-0.5547497669032306
206,0.68,Snowy,High,Evening,Bike,29,8.0,50,0,0,0,0,0,-1.6473988048585861,1.6689465373485748,1.187554777390836
35,19.33,Clear,Medium,Morning,Bike,7,8.0,73,0,0,0,0,0,1.6280901050859689,-1.3862060522394302,1.187554777390836
776,3.42,Clear,Medium,Night,Car,11,9.0,24,0,0,0,0,0,-1.1661741607165979,-0.8307237632234292,1.5360156862496492
509,19.02,Rainy,High,Evening,Scooter,22,1.0,106,0,0,0,0,0,1.5736449811137003,0.6968525315705733,-1.2516715846208573
428,17.81,Windy,High,Evening,Bike,21,4.0,122,0,0,0,0,1,1.3611333681896836,0.557981959316573,-0.20628885804441735
455,2.67,Clear,Medium,Night,Car,17,6.0,28,0,0,0,0,0,-1.2978962348430545,0.0024996703005720987,0.4906329596732093
367,19.24,Snowy,Low,Morning,Bike,26,1.0,114,0,0,1,0,0,1.6122834561907942,1.252334820586574,-1.2516715846208573
92,14.41,Rainy,Medium,Night,Bike,16,6.0,85,0,1,0,0,0,0.7639932988164136,-0.13637090195342813,0.4906329596732093
340,2.41,Clear,Medium,Evening,Bike,15,9.0,25,1,0,0,0,0,-1.3435598872068926,-0.27524147420742834,1.5360156862496492
898,17.98,Clear,Low,Evening,Bike,5,8.0,45,0,0,0,0,0,1.3909903716583474,-1.6639471967474306,1.187554777390836
565,7.34,Foggy,Medium,Afternoon,Bike,22,5.0,93,0,0,0,0,0,-0.477706786615651,0.6968525315705733,0.14217205081439596
346,12.51,Clear,Medium,Evening,Bike,18,5.0,62,0,0,0,0,0,0.43029737769605675,0.14137024255457234,0.14217205081439596
777,4.97,Rainy,Low,Evening,Bike,17,9.0,34,0,0,0,0,0,-0.893948540855254,0.0024996703005720987,1.5360156862496492
242,19.1,Snowy,Low,Afternoon,Bike,18,1.0,101,0,0,0,0,0,1.5876953356871895,0.14137024255457234,-1.2516715846208573
14,4.64,Clear,Low,Afternoon,Bike,15,9.0,24,0,0,0,0,0,-0.951906253470895,-0.27524147420742834,1.5360156862496492
316,14.07,Rainy,Low,Evening,Bike,10,5.0,63,0,0,0,0,0,0.7042792918790867,-0.9695943354774295,0.14217205081439596
601,3.79,Clear,Medium,Morning,Bike,13,2.0,34,0,0,0,0,0,-1.1011912708142124,-0.5529826187154289,-0.903210675762044
388,3.96,Clear,Medium,Afternoon,Bike,23,5.0,44,0,0,0,1,0,-1.071334267345549,0.8357231038245735,0.14217205081439596
274,18.31,Clear,Medium,Afternoon,Bike,25,3.0,79,0,0,0,0,0,1.448948084273988,1.1134642483325738,-0.5547497669032306
167,6.76,Foggy,Medium,Night,Bike,7,6.0,42,0,0,0,0,0,-0.5795718572734442,-1.3862060522394302,0.4906329596732093
841,0.76,Clear,Low,Afternoon,Car,26,9.0,28,0,0,0,0,0,-1.6333484502850972,1.252334820586574,1.5360156862496492
993,5.81,Rainy,Medium,Evening,Bike,14,8.0,41,0,0,0,0,0,-0.7464198178336227,-0.4141120464614286,1.187554777390836
647,12.08,Clear,High,Afternoon,Scooter,16,4.0,60,0,0,0,0,0,0.35477672186355497,-0.13637090195342813,-0.20628885804441735
819,1.57,Rainy,Low,Evening,Car,16,1.0,30,0,0,0,0,0,-1.4910886102285241,-0.13637090195342813,-1.2516715846208573
485,11.89,Clear,Medium,Afternoon,Bike,28,0.0,79,0,0,0,0,0,0.3214071297515194,1.5300759650945746,-1.6001324934796706
981,7.02,Clear,Medium,Evening,Car,23,2.0,53,0,0,0,0,0,-0.5339082049096059,0.8357231038245735,-0.903210675762044
505,13.85,Clear,Low,Evening,Bike,29,5.0,71,0,0,0,0,0,0.6656408168019926,1.6689465373485748,0.14217205081439596
832,9.32,Rainy,Medium,Evening,Scooter,24,2.0,71,0,0,0,0,0,-0.1299605109218054,0.9745936760785737,-0.903210675762044
244,7.72,Foggy,High,Evening,Bike,19,4.0,64,0,0,0,0,0,-0.4109676023915797,0.28024081480857255,-0.20628885804441735
567,8.15,Rainy,Low,Afternoon,Bike,26,2.0,50,0,0,0,0,0,-0.33544694655907775,1.252334820586574,-0.903210675762044
876,3.54,Rainy,Medium,Afternoon,Scooter,17,4.0,41,0,0,0,0,0,-1.1450986288563647,0.0024996703005720987,-0.20628885804441735
563,3.16,Snowy,Low,Morning,Car,9,5.0,27,0,0,0,1,0,-1.211837813080436,-1.1084649077314297,0.14217205081439596
687,11.65,Windy,Low,Night,Bike,10,3.0,53,0,0,0,0,0,0.27925606603105324,-0.9695943354774295,-0.5547497669032306
190,5.22,Snowy,Medium,Morning,Scooter,14,3.0,43,0,0,1,0,0,-0.8500411828131018,-0.4141120464614286,-0.5547497669032306
783,5.41,Clear,High,Morning,Scooter,17,6.0,38,0,0,0,0,0,-0.8166715907010661,0.0024996703005720987,0.4906329596732093
700,9.88,Rainy,Medium,Morning,Car,7,0.0,43,0,0,0,0,0,-0.03160802890738437,-1.3862060522394302,-1.6001324934796706
476,19.86,Rainy,High,Evening,Bike,12,8.0,71,0,0,0,0,0,1.7211737041353319,-0.691853190969429,1.187554777390836
682,5.53,Windy,High,Morning,Bike,23,4.0,59,0,0,0,0,0,-0.795596058840833,0.8357231038245735,-0.20628885804441735
511,12.46,Foggy,Low,Afternoon,Bike,10,1.0,62,0,0,0,0,0,0.4215159060876265,-0.9695943354774295,-1.2516715846208573
59,1.38,Clear,Medium,Morning,Car,6,3.0,17,0,0,0,0,0,-1.52445820234056,-1.5250766244934304,-0.5547497669032306
475,10.79,Clear,Medium,Evening,Scooter,24,1.0,65,0,0,0,0,0,0.1282147543660494,0.9745936760785737,-1.2516715846208573
561,14.23,Clear,Medium,Afternoon,Scooter,23,7.0,70,0,0,0,0,0,0.732380001026064,0.8357231038245735,0.8390938685320226
857,1.21,Snowy,Low,Afternoon,Bike,22,1.0,39,0,0,0,0,0,-1.554315205809223,0.6968525315705733,-1.2516715846208573
748,11.1,Clear,Low,Afternoon,Bike,18,7.0,56,0,0,0,0,0,0.18265987833831823,0.14137024255457234,0.8390938685320226
253,17.1,Clear,Medium,Evening,Bike,25,5.0,65,0,0,0,0,0,1.2364364713499716,1.1134642483325738,0.14217205081439596
22,3.22,Clear,Medium,Afternoon,Bike,19,9.0,32,0,0,0,0,0,-1.2013000471503195,0.28024081480857255,1.5360156862496492
314,19.27,Foggy,Medium,Morning,Car,29,9.0,85,0,0,0,0,0,1.6175523391558526,1.6689465373485748,1.5360156862496492
460,2.82,Rainy,Medium,Evening,Scooter,10,1.0,29,0,0,0,0,0,-1.271551820017763,-0.9695943354774295,-1.2516715846208573
161,7.67,Foggy,Medium,Afternoon,Scooter,22,8.0,59,0,0,0,0,0,-0.4197490740000101,0.6968525315705733,1.187554777390836
277,16.07,Clear,Medium,Evening,Bike,16,5.0,64,0,0,0,0,0,1.0555381562163044,-0.13637090195342813,0.14217205081439596
956,7.97,Windy,Medium,Evening,Scooter,9,8.0,35,0,0,0,0,0,-0.36706024434942747,-1.1084649077314297,1.187554777390836
192,18.0,Rainy,High,Night,Car,22,5.0,98,0,0,0,1,0,1.3945029603017194,0.6968525315705733,0.14217205081439596
386,16.17,Clear,Medium,Evening,Scooter,12,2.0,78,0,0,0,0,0,1.0731010994331656,-0.691853190969429,-0.903210675762044
806,14.86,Clear,High,Night,Scooter,15,4.0,91,1,0,0,0,0,0.8430265432922875,-0.27524147420742834,-0.20628885804441735
414,11.68,Clear,Medium,Afternoon,Scooter,25,7.0,70,0,1,0,0,0,0.28452494899611136,1.1134642483325738,0.8390938685320226
492,12.59,Clear,Low,Evening,Scooter,10,2.0,39,0,0,0,0,0,0.4443477322695455,-0.9695943354774295,-0.903210675762044
344,8.96,Snowy,Medium,Morning,Car,6,5.0,51,0,1,0,0,0,-0.1931871065025045,-1.5250766244934304,0.14217205081439596
770,16.51,Clear,Medium,Morning,Bike,7,1.0,79,0,0,0,0,0,1.1328151063704925,-1.3862060522394302,-1.2516715846208573
309,16.01,Clear,Low,Afternoon,Car,12,4.0,72,0,0,0,0,0,1.045000390286188,-0.691853190969429,-0.20628885804441735
662,19.74,Rainy,High,Afternoon,Scooter,11,7.0,81,0,0,0,0,0,1.7000981722750985,-0.8307237632234292,0.8390938685320226
131,8.64,Snowy,Low,Evening,Bike,29,4.0,62,0,0,0,0,0,-0.2493885247964594,1.6689465373485748,-0.20628885804441735
664,5.13,Clear,Medium,Morning,Car,16,1.0,38,0,0,0,0,0,-0.8658478317082766,-0.13637090195342813,-1.2516715846208573
872,5.78,Clear,High,Morning,Bike,11,5.0,38,0,0,0,0,0,-0.7516887007986808,-0.8307237632234292,0.14217205081439596
100,2.6,Clear,Low,Afternoon,Bike,16,1.0,29,0,0,0,0,0,-1.310190295094857,-0.13637090195342813,-1.2516715846208573
373,2.34,Foggy,Medium,Morning,Bike,8,2.0,28,0,0,0,0,0,-1.3558539474586953,-1.24733547998543,-0.903210675762044
88,12.93,Clear,Medium,Morning,Scooter,20,8.0,58,0,0,0,0,0,0.5040617392068725,0.4191113870625728,1.187554777390836
459,1.6,Clear,Medium,Evening,Bike,14,8.0,24,0,0,0,0,0,-1.485819727263466,-0.4141120464614286,1.187554777390836
331,7.44,Rainy,Low,Evening,Bike,27,5.0,53,0,0,0,1,0,-0.46014384339879005,1.3912053928405743,0.14217205081439596
215,14.39,Rainy,Medium,Morning,Scooter,6,5.0,50,0,0,0,1,0,0.7604807101730415,-1.5250766244934304,0.14217205081439596
467,6.07,Clear,Low,Afternoon,Bike,18,4.0,35,1,0,0,0,0,-0.7007561654697843,0.14137024255457234,-0.20628885804441735
122,17.97,Windy,Medium,Morning,Scooter,28,7.0,92,0,0,0,0,0,1.389234077336661,1.5300759650945746,0.8390938685320226
615,17.53,Clear,Low,Afternoon,Bike,14,6.0,79,0,0,0,0,0,1.3119571271824735,-0.4141120464614286,0.4906329596732093
21,12.43,Rainy,High,Morning,Bike,13,6.0,70,0,0,0,0,0,0.416247023122568,-0.5529826187154289,0.4906329596732093
701,10.89,Windy,Medium,Evening,Bike,7,0.0,58,0,0,0,0,0,0.14577769758291054,-1.3862060522394302,-1.6001324934796706
72,4.37,Clear,Medium,Evening,Scooter,6,7.0,25,0,0,0,0,0,-0.9993262001564193,-1.5250766244934304,0.8390938685320226
107,8.5,Clear,High,Evening,Car,13,3.0,54,0,0,0,0,0,-0.2739766453000647,-0.5529826187154289,-0.5547497669032306
271,16.28,Rainy,Low,Morning,Scooter,8,9.0,71,0,0,0,0,0,1.0924203369717125,-1.24733547998543,1.5360156862496492
861,15.62,Snowy,High,Evening,Scooter,26,2.0,81,0,0,0,0,0,0.9765049117404302,1.252334820586574,-0.903210675762044
436,14.17,Clear,Low,Afternoon,Bike,8,0.0,55,0,0,0,0,0,0.7218422350959475,-1.24733547998543,-1.6001324934796706
103,6.63,Foggy,Low,Night,Scooter,24,3.0,58,0,0,0,0,0,-0.6024036834553633,0.9745936760785737,-0.5547497669032306
